0;79;-107011.55;-95214.57;Bom;Fechado dos Lados;Yes;Vimeca;103;Rua Damião de Góis;Algés, Linda-a-Velha e Cruz Quebrada-Dafundo
1;593;-103777.02;-94637.67;Bom;Sem Abrigo;No;Vimeca;300;Avenida dos Cavaleiros;Carnaxide e Queijas
2;499;-103758.44;-94393.36;Bom;Fechado dos Lados;Yes;Vimeca;300;Avenida dos Cavaleiros;Carnaxide e Queijas
3;494;-106803.2;-96265.84;Bom;Sem Abrigo;No;Vimeca;389;Rua São João de Deus;Algés, Linda-a-Velha e Cruz Quebrada-Dafundo
4;480;-106757.3;-96240.22;Bom;Sem Abrigo;No;Vimeca;389;Rua São João de Deus;Algés, Linda-a-Velha e Cruz Quebrada-Dafundo
5;957;-106911.18264993648;-96261.15727273724;Bom;Sem Abrigo;No;Vimeca;399;Escadinhas da Fonte da Maruja;Algés, Linda-a-Velha e Cruz Quebrada-Dafundo
6;366;-106021.37;-96684.5;Bom;Fechado dos Lados;Yes;Vimeca;411;Avenida Dom Pedro V;Algés, Linda-a-Velha e Cruz Quebrada-Dafundo
7;365;-106016.12;-96673.87;Bom;Fechado dos Lados;Yes;Vimeca;411;Avenida Dom Pedro V;Algés, Linda-a-Velha e Cruz Quebrada-Dafundo
8;357;-105236.99;-96664.4;Bom;Fechado dos Lados;Yes;Vimeca;1279;Avenida Tomás Ribeiro;Algés, Linda-a-Velha e Cruz Quebrada-Dafundo
9;336;-105143.57;-96690.32;Bom;Fechado dos Lados;Yes;Vimeca;1279;Avenida Tomás Ribeiro;Algés, Linda-a-Velha e Cruz Quebrada-Dafundo
10;334;-105336.07;-96668.68;Bom;Fechado dos Lados;Yes;Vimeca;1279;Avenida Tomás Ribeiro;Algés, Linda-a-Velha e Cruz Quebrada-Dafundo
11;251;-104487.69;-96548.01;Bom;Fechado dos Lados;Yes;Vimeca;1279;Avenida Tomás Ribeiro;Carnaxide e Queijas
12;469;-106613.44;-96288.0;Bom;Fechado dos Lados;Yes;Vimeca;1288;Rua Rodrigo Albuquerque e Melo;Algés, Linda-a-Velha e Cruz Quebrada-Dafundo
13;462;-106636.23;-96302.04;Bom;Sem Abrigo;No;Vimeca;1288;Rua Rodrigo Albuquerque e Melo;Algés, Linda-a-Velha e Cruz Quebrada-Dafundo
14;44;-104458.52;-94926.22;Bom;Fechado dos Lados;Yes;Vimeca;1134;Largo Sete de Junho de 1759;Carnaxide e Queijas
15;78;-107008.56;-95490.23;Bom;Fechado dos Lados;Yes;Vimeca;118;Alameda Hermano Patrone;Algés, Linda-a-Velha e Cruz Quebrada-Dafundo
16;609;-104226.49;-95797.22;Bom;Fechado dos Lados;Yes;Vimeca;327;Avenida do Forte;Carnaxide e Queijas
17;599;-104296.72;-95828.26;Bom;Fechado dos Lados;Yes;Vimeca;327;Avenida do Forte;Carnaxide e Queijas
18;595;-103725.69;-95975.2;Bom;Fechado dos Lados;Yes;Vimeca;354;Rua Manuel Teixeira Gomes;Carnaxide e Queijas
19;185;-103922.82;-96235.62;Bom;Fechado dos Lados;Yes;SCoTTURB;354;Rua Manuel Teixeira Gomes;Carnaxide e Queijas
20;250;-104031.08;-96173.83;Bom;Fechado dos Lados;Yes;Vimeca;1113;Avenida de Portugal;Carnaxide e Queijas
21;107;-103972.32;-95981.88;Bom;Fechado dos Lados;Yes;Vimeca;1113;Avenida de Portugal;Carnaxide e Queijas
22;953;-104075.89;-95771.82;Bom;Fechado dos Lados;Yes;Vimeca;1116;Avenida Professor Dr. Reinaldo dos Santos;Carnaxide e Queijas
23;594;-103879.91;-95751.23;Bom;Fechado dos Lados;No;Vimeca;1116;Avenida Professor Dr. Reinaldo dos Santos;Carnaxide e Queijas
24;597;-104058.98;-95839.14;Bom;Fechado dos Lados;Yes;Vimeca;1137;Rua Tenente-General Zeferino Sequeira;Carnaxide e Queijas
25;261;-104032.88;-96536.98;Bom;Fechado dos Lados;Yes;Vimeca;1113;Avenida de Portugal;Carnaxide e Queijas
26;341;-105797.42;-96746.57;Bom;Fechado dos Lados;Yes;Vimeca;411;Avenida Dom Pedro V;Algés, Linda-a-Velha e Cruz Quebrada-Dafundo
27;85;-105653.28;-96814.42;Bom;Fechado dos Lados;Yes;Vimeca;411;Avenida Dom Pedro V;Algés, Linda-a-Velha e Cruz Quebrada-Dafundo
28;347;-105493.13;-96785.72;Bom;Fechado dos Lados;Yes;Vimeca;432;Calçada do Chafariz;Algés, Linda-a-Velha e Cruz Quebrada-Dafundo
29;342;-105815.99;-96725.14;Bom;Fechado dos Lados;Yes;Vimeca;411;Avenida Dom Pedro V;Algés, Linda-a-Velha e Cruz Quebrada-Dafundo
30;86;-105637.56;-96808.45;Bom;Fechado dos Lados;Yes;Vimeca;411;Avenida Dom Pedro V;Algés, Linda-a-Velha e Cruz Quebrada-Dafundo
31;339;-105452.81;-96732.86;Bom;Fechado dos Lados;Yes;Vimeca;432;Calçada do Chafariz;Algés, Linda-a-Velha e Cruz Quebrada-Dafundo
32;186;-106975.22;-95602.61;Bom;Fechado dos Lados;No;Vimeca;118;Alameda Hermano Patrone;Algés, Linda-a-Velha e Cruz Quebrada-Dafundo
33;467;-107004.52;-96080.98;Bom;Fechado dos Lados;No;Vimeca;369;Rua Direita do Dafundo;Algés, Linda-a-Velha e Cruz Quebrada-Dafundo
34;466;-106999.08;-96066.1;Bom;Fechado dos Lados;No;Vimeca;369;Rua Direita do Dafundo;Algés, Linda-a-Velha e Cruz Quebrada-Dafundo
35;465;-106915.82;-96269.57;Bom;Sem Abrigo;No;Vimeca;369;Rua Direita do Dafundo;Algés, Linda-a-Velha e Cruz Quebrada-Dafundo
36;791;-103705.46;-96673.6;Bom;Aberto dos Lados;Yes;Vimeca;286;Rua Aquilino Ribeiro;Carnaxide e Queijas
37;183;-103678.36;-96590.26;Bom;Fechado dos Lados;Yes;Vimeca;286;Rua Aquilino Ribeiro;Carnaxide e Queijas
38;182;-103746.76;-96396.66;Bom;Fechado dos Lados;Yes;SCoTTURB;286;Rua Aquilino Ribeiro;Carnaxide e Queijas
39;181;-103780.59;-96372.2;Bom;Aberto dos Lados;Yes;Vimeca;286;Rua Aquilino Ribeiro;Carnaxide e Queijas
40;180;-103842.39;-96260.96;Bom;Fechado dos Lados;Yes;Vimeca;286;Rua Aquilino Ribeiro;Carnaxide e Queijas
41;89;-103934.24;-96642.56;Bom;Fechado dos Lados;Yes;Vimeca;1113;Avenida de Portugal;Carnaxide e Queijas
42;604;-104256.82;-95173.34;Bom;Fechado dos Lados;No;Vimeca;306;Rua dos Cravos de Abril;Carnaxide e Queijas
43;40;-104302.13;-95043.86;Bom;Fechado dos Lados;Yes;Vimeca;306;Rua dos Cravos de Abril;Carnaxide e Queijas
44;39;-104282.32;-95055.6;Bom;Fechado dos Lados;Yes;Vimeca;306;Rua dos Cravos de Abril;Carnaxide e Queijas
45;620;-104565.8832899218;-94653.67859291832;Bom;Sem Abrigo;No;Vimeca;365;Estrada da Portela;Carnaxide e Queijas
46;45;-104578.88;-94652.12;Bom;Sem Abrigo;No;Vimeca;365;Estrada da Portela;Carnaxide e Queijas
47;51;-104458.04;-94329.86;Bom;"Fechado dos Lados
";No;Vimeca;1123;Rua da Quinta do Paizinho;Carnaxide e Queijas
48;628;-104278.8866659752;-94122.56603635015;Bom;Sem Abrigo;No;Vimeca;1123;Rua da Quinta do Paizinho;Carnaxide e Queijas
49;50;-104287.85;-94105.37;Bom;Fechado dos Lados;Yes;Vimeca;1123;Rua da Quinta do Paizinho;Carnaxide e Queijas
50;38;-104497.842173306;-94358.90888110301;Bom;Fechado dos Lados;Yes;Vimeca;1123;Rua da Quinta do Paizinho;Carnaxide e Queijas
51;622;-104445.64;-94921.33;Bom;Fechado dos Lados;No;Vimeca;1134;Largo Sete de Junho de 1759;Carnaxide e Queijas
52;602;-104677.06;-94473.47;Bom;Fechado dos Lados;No;Vimeca;1160;Rua Cincinato da Costa;Carnaxide e Queijas
53;601;-104683.1;-94486.15;Bom;Fechado dos Lados;No;Vimeca;1160;Rua Cincinato da Costa;Carnaxide e Queijas
54;485;-106315.88;-96307.18;Bom;Fechado dos Lados;Yes;Vimeca;1289;Rua Castro Soromenho;Algés, Linda-a-Velha e Cruz Quebrada-Dafundo
55;488;-106492.31;-96447.01;Bom;Sem Abrigo;No;Vimeca;1292;Rua Manuel Ferreira;Algés, Linda-a-Velha e Cruz Quebrada-Dafundo
56;486;-106325.58;-96320.92;Bom;Fechado dos Lados;Yes;Vimeca;1289;Rua Castro Soromenho;Algés, Linda-a-Velha e Cruz Quebrada-Dafundo
57;487;-106449.51;-96435.13;Bom;Sem Abrigo;No;Vimeca;1292;Rua Manuel Ferreira;Algés, Linda-a-Velha e Cruz Quebrada-Dafundo
58;468;-106270.67;-96457.19;Bom;Fechado dos Lados;Yes;Vimeca;1292;Rua Manuel Ferreira;Algés, Linda-a-Velha e Cruz Quebrada-Dafundo
59;460;-106247.39;-96517.97;Bom;Fechado dos Lados;Yes;Vimeca;1292;Rua Manuel Ferreira;Algés, Linda-a-Velha e Cruz Quebrada-Dafundo
60;249;-104397.14;-96680.46;Bom;Fechado dos Lados;Yes;Vimeca;297;Rua Carlos Wallenstein;Carnaxide e Queijas
61;600;-104631.8;-95630.5;Bom;Fechado dos Lados;No;Vimeca;351;Rua Manuel António Rodrigues;Carnaxide e Queijas
62;42;-104624.97;-95613.11;Bom;Sem Abrigo;No;Vimeca;351;Rua Manuel António Rodrigues;Carnaxide e Queijas
63;614;-104594.97;-95684.18;Bom;Fechado dos Lados;No;Vimeca;359;Rua Nossa Senhora da Conceição;Carnaxide e Queijas
64;46;-104609.99;-95693.01;Bom;Fechado dos Lados;Yes;Vimeca;359;Rua Nossa Senhora da Conceição;Carnaxide e Queijas
65;611;-104989.68;-95554.55;Bom;Fechado dos Lados;No;Vimeca;1196;Rua Carlos Belo Morais;Carnaxide e Queijas
66;610;-104998.77;-95557.54;Bom;Sem Abrigo;No;Vimeca;1196;Rua Carlos Belo Morais;Carnaxide e Queijas
67;49;-104758.56;-95206.97;Bom;Fechado dos Lados;Yes;Vimeca;1196;Rua Carlos Belo Morais;Carnaxide e Queijas
68;48;-104710.71;-95177.32;Bom;Fechado dos Lados;No;Vimeca;1196;Rua Carlos Belo Morais;Carnaxide e Queijas
69;613;-104817.75;-95640.29;Bom;Fechado dos Lados;No;Vimeca;1197;Rua Mário Moreira;Carnaxide e Queijas
70;612;-104807.71;-95652.96;Bom;Sem Abrigo;No;Vimeca;1197;Rua Mário Moreira;Carnaxide e Queijas
71;985;-104367.95010080477;-95373.18330437149;Bom;Sem Abrigo;No;Vimeca;1237;Avenida Professor Dr. Bernardino Machado;Carnaxide e Queijas
72;608;-104373.51;-95357.73;Bom;Fechado dos Lados;Yes;Vimeca;1237;Avenida Professor Dr. Bernardino Machado;Carnaxide e Queijas
73;255;-104240.6;-96543.14;Bom;Fechado dos Lados;Yes;Vimeca;1279;Avenida Tomás Ribeiro;Carnaxide e Queijas
74;254;-104407.0;-96522.21;Bom;Fechado dos Lados;Yes;Vimeca;1279;Avenida Tomás Ribeiro;Carnaxide e Queijas
75;242;-104235.94;-96573.14;Bom;Fechado dos Lados;Yes;Vimeca;1279;Avenida Tomás Ribeiro;Carnaxide e Queijas
76;80;-107020.11;-95212.99;Bom;Fechado dos Lados;Yes;Vimeca;103;Rua Damião de Góis;Algés, Linda-a-Velha e Cruz Quebrada-Dafundo
77;655;-106885.28346821877;-95700.604683315;Bom;Sem Abrigo;No;Vimeca;121;Rua João Chagas;Algés, Linda-a-Velha e Cruz Quebrada-Dafundo
78;491;-106752.7;-95980.67;Bom;Fechado dos Lados;Yes;Vimeca;121;Rua João Chagas;Algés, Linda-a-Velha e Cruz Quebrada-Dafundo
79;490;-106724.64;-96023.19;Bom;Fechado dos Lados;Yes;Vimeca;121;Rua João Chagas;Algés, Linda-a-Velha e Cruz Quebrada-Dafundo
80;458;-106344.84;-96171.5;Bom;Fechado dos Lados;Yes;Vimeca;121;Rua João Chagas;Algés, Linda-a-Velha e Cruz Quebrada-Dafundo
81;457;-106251.29;-96169.58;Bom;Fechado dos Lados;Yes;Vimeca;121;Rua João Chagas;Algés, Linda-a-Velha e Cruz Quebrada-Dafundo
82;56;-106877.17;-95698.23;Bom;Sem Abrigo;No;Vimeca;121;Rua João Chagas;Algés, Linda-a-Velha e Cruz Quebrada-Dafundo
83;343;-105860.11;-96563.44;Bom;Fechado dos Lados;Yes;Vimeca;457;Rua Francisco José Victorino;Algés, Linda-a-Velha e Cruz Quebrada-Dafundo
84;237;-104003.78;-96559.17;Bom;Fechado dos Lados;Yes;Vimeca;1113;Avenida de Portugal;Carnaxide e Queijas
85;245;-104114.84;-97401.12;Bom;Fechado dos Lados;Yes;Vimeca;1214;Estrada de Queluz;Carnaxide e Queijas
86;244;-104101.68;-97408.6;Bom;Fechado dos Lados;Yes;Vimeca;1214;Estrada de Queluz;Carnaxide e Queijas
87;734;-102676.09;-98810.3;Bom;Sem Abrigo;No;Vimeca;950;Estrada das Palmeiras;Barcarena
88;745;-102136.13485160774;-98663.30880207637;Bom;Fechado dos Lados;No;Vimeca;216;Estrada Consiglieri Pedroso;Barcarena
89;736;-102231.41;-98789.31;Bom;Fechado dos Lados;Yes;Vimeca;216;Estrada Consiglieri Pedroso;Barcarena
90;147;-102381.73;-98965.83;Bom;Sem Abrigo;No;Vimeca;950;Estrada das Palmeiras;Barcarena
91;227;-104412.8;-98632.87;Bom;Sem Abrigo;No;Vimeca;805;Rua Ilha de São Jorge;Carnaxide e Queijas
92;172;-103411.08;-99046.23;Bom;Sem Abrigo;No;SCoTTURB;830;Estrada Militar;Barcarena
93;171;-103417.17;-99041.11;Bom;Sem Abrigo;No;Vimeca;830;Estrada Militar;Barcarena
94;162;-102962.16;-98672.14;Bom;Sem Abrigo;No;Vimeca;830;Estrada Militar;Barcarena
95;161;-102932.36;-98676.69;Bom;Fechado dos Lados;Yes;Vimeca;830;Estrada Militar;Barcarena
96;156;-102400.99;-98945.23;Bom;Sem Abrigo;No;Vimeca;950;Estrada das Palmeiras;Barcarena
97;1010;-104303.63612383851;-98554.77838335252;Bom;Sem Abrigo;No;Vimeca;79;Rua dos Açores;Carnaxide e Queijas
98;224;-104563.77;-98320.53;Bom;Sem Abrigo;No;Vimeca;833;Rua Mouzinho da Silveira;Carnaxide e Queijas
99;234;-104471.99;-98565.73;Bom;Fechado dos Lados;No;Vimeca;83;Rua Angra do Heroí­smo;Carnaxide e Queijas
100;233;-104935.73;-98290.43;Bom;Fechado dos Lados;Yes;Vimeca;813;Rua João XXI;Carnaxide e Queijas
101;232;-104768.69;-98266.88;Bom;Fechado dos Lados;No;SCoTTURB;813;Rua João XXI;Carnaxide e Queijas
102;231;-104942.78;-98303.15;Bom;Fechado dos Lados;Yes;Vimeca;813;Rua João XXI;Carnaxide e Queijas
103;52;-104801.2;-98279.24;Bom;Fechado dos Lados;Yes;Vimeca;813;Rua João XXI;Carnaxide e Queijas
104;230;-104447.68;-98306.88;Bom;Sem Abrigo;No;Vimeca;833;Rua Mouzinho da Silveira;Carnaxide e Queijas
105;226;-104618.82;-98507.86;Bom;Fechado dos Lados;No;Vimeca;846;Rua da Quinta do Bonfim;Carnaxide e Queijas
106;799;-104280.83;-98312.61;Bom;Fechado dos Lados;No;Vimeca;1766;Praceta Antonio Leal de Oliveira;Carnaxide e Queijas
107;1001;-104675.71;-95821.42;Bom;Fechado dos Lados;Yes;Vimeca;327;Avenida do Forte;Carnaxide e Queijas
108;607;-104700.62;-95803.69;Bom;Fechado dos Lados;Yes;Vimeca;327;Avenida do Forte;Carnaxide e Queijas
109;335;-106015.21;-96351.32;Bom;Fechado dos Lados;Yes;Vimeca;121;Rua João Chagas;Algés, Linda-a-Velha e Cruz Quebrada-Dafundo
110;346;-105840.49;-96519.72;Bom;Fechado dos Lados;Yes;Vimeca;457;Rua Francisco José Victorino;Algés, Linda-a-Velha e Cruz Quebrada-Dafundo
111;344;-105906.64;-96635.59;Bom;Fechado dos Lados;Yes;Vimeca;457;Rua Francisco José Victorino;Algés, Linda-a-Velha e Cruz Quebrada-Dafundo
112;360;-105210.86;-96382.34;Bom;Fechado dos Lados;Yes;Vimeca;1283;Avenida Vinte e Cinco de Abril de 1974;Algés, Linda-a-Velha e Cruz Quebrada-Dafundo
113;352;-105326.62;-96569.43;Bom;Fechado dos Lados;Yes;Vimeca;1283;Avenida Vinte e Cinco de Abril de 1974;Algés, Linda-a-Velha e Cruz Quebrada-Dafundo
114;363;-106012.76;-96367.98;Bom;Fechado dos Lados;Yes;Vimeca;121;Rua João Chagas;Algés, Linda-a-Velha e Cruz Quebrada-Dafundo
115;345;-105900.6;-96673.99;Bom;Fechado dos Lados;Yes;Vimeca;457;Rua Francisco José Victorino;Algés, Linda-a-Velha e Cruz Quebrada-Dafundo
116;859;-105043.39;-96109.56;Bom;Fechado dos Lados;Yes;Vimeca;1283;Avenida Vinte e Cinco de Abril de 1974;Algés, Linda-a-Velha e Cruz Quebrada-Dafundo
117;858;-105062.32;-96107.23;Bom;Fechado dos Lados;Yes;Vimeca;1283;Avenida Vinte e Cinco de Abril de 1974;Algés, Linda-a-Velha e Cruz Quebrada-Dafundo
118;351;-105287.42;-96454.4;Bom;Fechado dos Lados;Yes;Vimeca;1283;Avenida Vinte e Cinco de Abril de 1974;Algés, Linda-a-Velha e Cruz Quebrada-Dafundo
119;654;-106946.7;-95556.57;Bom;Aberto dos Lados;No;Vimeca;121;Rua João Chagas;Algés, Linda-a-Velha e Cruz Quebrada-Dafundo
120;243;-104117.95;-97049.09;Bom;Fechado dos Lados;Yes;Vimeca;303;Rua Cinco de Outubro;Carnaxide e Queijas
121;248;-104091.69;-96778.69;Bom;Fechado dos Lados;No;Vimeca;362;Largo da Pátria Nova;Carnaxide e Queijas
122;247;-104200.64;-96833.39;Bom;Fechado dos Lados;Yes;Vimeca;1279;Avenida Tomás Ribeiro;Carnaxide e Queijas
123;332;-105119.12;-97474.49;Bom;Fechado dos Lados;Yes;Vimeca;1279;Avenida Tomás Ribeiro;Carnaxide e Queijas
124;331;-105122.88;-97490.88;Bom;Fechado dos Lados;Yes;Vimeca;1279;Avenida Tomás Ribeiro;Carnaxide e Queijas
125;323;-105277.7;-97707.8;Bom;Fechado dos Lados;Yes;Vimeca;1279;Avenida Tomás Ribeiro;Carnaxide e Queijas
126;315;-105155.04;-98252.49;Bom;Fechado dos Lados;Yes;Vimeca;1279;Avenida Tomás Ribeiro;Carnaxide e Queijas
127;312;-105181.29;-98229.14;Bom;Fechado dos Lados;No;SCoTTURB;1279;Avenida Tomás Ribeiro;Carnaxide e Queijas
128;241;-104957.37;-97342.73;Bom;Fechado dos Lados;Yes;Vimeca;1279;Avenida Tomás Ribeiro;Carnaxide e Queijas
129;240;-104965.93;-97337.63;Bom;Sem Abrigo;No;Vimeca;1279;Avenida Tomás Ribeiro;Carnaxide e Queijas
130;239;-104604.14;-97197.81;Bom;Fechado dos Lados;Yes;Vimeca;1279;Avenida Tomás Ribeiro;Carnaxide e Queijas
131;238;-104609.35;-97210.07;Bom;Sem Abrigo;No;SCoTTURB;1279;Avenida Tomás Ribeiro;Carnaxide e Queijas
132;313;-105254.68;-97686.43;Bom;Sem Abrigo;No;Vimeca;1763;Rua Visconde Moreira de Rey;Carnaxide e Queijas
133;260;-104345.95;-97003.12;Bom;Sem Abrigo;No;Vimeca;1279;Avenida Tomás Ribeiro;Carnaxide e Queijas
134;246;-104328.14;-96988.84;Bom;Sem Abrigo;No;Vimeca;1279;Avenida Tomás Ribeiro;Carnaxide e Queijas
135;652;-106975.62;-95277.76;Bom;Sem Abrigo;No;Vimeca;103;Rua Damião de Góis;Algés, Linda-a-Velha e Cruz Quebrada-Dafundo
136;9;-107003.0;-95216.21;Bom;Fechado dos Lados;Yes;Vimeca;103;Rua Damião de Góis;Algés, Linda-a-Velha e Cruz Quebrada-Dafundo
137;6;-106992.24;-95299.38;Bom;Sem Abrigo;No;Vimeca;103;Rua Damião de Góis;Algés, Linda-a-Velha e Cruz Quebrada-Dafundo
138;886;-106634.688238017;-97653.9789639492;Bom;Sem Abrigo;No;Vimeca;382;Avenida Pierre de Coubertin;Algés, Linda-a-Velha e Cruz Quebrada-Dafundo
139;473;-106717.49;-97337.39;Bom;Sem Abrigo;No;Vimeca;382;Avenida Pierre de Coubertin;Algés, Linda-a-Velha e Cruz Quebrada-Dafundo
140;470;-106725.59;-97317.38;Bom;Sem Abrigo;No;Vimeca;382;Avenida Pierre de Coubertin;Algés, Linda-a-Velha e Cruz Quebrada-Dafundo
141;904;-106835.46;-96672.9;Bom;Fechado dos Lados;Yes;Vimeca;386;Rua Sacadura Cabral;Algés, Linda-a-Velha e Cruz Quebrada-Dafundo
142;902;-106880.68662292237;-96852.54363954351;Bom;Sem Abrigo;No;Vimeca;386;Rua Sacadura Cabral;Algés, Linda-a-Velha e Cruz Quebrada-Dafundo
143;893;-106886.01;-96347.3;Bom;Sem Abrigo;No;Vimeca;386;Rua Sacadura Cabral;Algés, Linda-a-Velha e Cruz Quebrada-Dafundo
144;483;-106784.91;-97126.09;Bom;Sem Abrigo;No;Vimeca;386;Rua Sacadura Cabral;Algés, Linda-a-Velha e Cruz Quebrada-Dafundo
145;482;-106791.2;-97137.51;Bom;Fechado dos Lados;Yes;SCoTTURB;386;Rua Sacadura Cabral;Algés, Linda-a-Velha e Cruz Quebrada-Dafundo
146;476;-106826.81;-96686.93;Bom;Sem Abrigo;No;Vimeca;386;Rua Sacadura Cabral;Algés, Linda-a-Velha e Cruz Quebrada-Dafundo
147;472;-106866.01;-96904.64;Bom;Sem Abrigo;No;Vimeca;386;Rua Sacadura Cabral;Algés, Linda-a-Velha e Cruz Quebrada-Dafundo
148;90;-103960.0;-96640.32;Bom;Fechado dos Lados;Yes;Vimeca;1113;Avenida de Portugal;Carnaxide e Queijas
149;30;-105300.44;-95336.46;Bom;Fechado dos Lados;Yes;Vimeca;113;Alameda FerNo Lopes;Algés, Linda-a-Velha e Cruz Quebrada-Dafundo
150;29;-105256.47;-95349.66;Bom;Fechado dos Lados;Yes;Vimeca;113;Alameda FerNo Lopes;Algés, Linda-a-Velha e Cruz Quebrada-Dafundo
151;20;-105353.27;-95172.19;Bom;Fechado dos Lados;Yes;Vimeca;113;Alameda FerNo Lopes;Algés, Linda-a-Velha e Cruz Quebrada-Dafundo
152;646;-105261.03;-95520.31;Bom;Sem Abrigo;No;Vimeca;124;Avenida José Gomes Ferreira;Algés, Linda-a-Velha e Cruz Quebrada-Dafundo
153;642;-105268.05;-95547.68;Bom;Fechado dos Lados;Yes;Vimeca;124;Avenida José Gomes Ferreira;Algés, Linda-a-Velha e Cruz Quebrada-Dafundo
154;606;-104223.76;-95501.56;Bom;Fechado dos Lados;Yes;Vimeca;361;Estrada de Outurela;Carnaxide e Queijas
155;605;-104199.74;-95517.44;Bom;Fechado dos Lados;Yes;Vimeca;361;Estrada de Outurela;Carnaxide e Queijas
156;36;-105377.78526436003;-95633.40710368946;Bom;Sem Abrigo;No;Vimeca;416;Alameda António Sérgio;Algés, Linda-a-Velha e Cruz Quebrada-Dafundo
157;17;-105324.76833309476;-95632.26166661378;Bom;Sem Abrigo;No;Vimeca;416;Alameda António Sérgio;Algés, Linda-a-Velha e Cruz Quebrada-Dafundo
158;362;-105538.35;-96008.83;Bom;Fechado dos Lados;Yes;Vimeca;430;Avenida Carolina Michaelis;Algés, Linda-a-Velha e Cruz Quebrada-Dafundo
159;28;-105593.51;-95907.44;Bom;Aberto dos Lados;No;Vimeca;430;Avenida Carolina Michaelis;Algés, Linda-a-Velha e Cruz Quebrada-Dafundo
160;27;-105587.02;-95875.21;Bom;Fechado dos Lados;Yes;Vimeca;430;Avenida Carolina Michaelis;Algés, Linda-a-Velha e Cruz Quebrada-Dafundo
161;26;-105556.0408335595;-95684.40583339431;Bom;Sem Abrigo;No;Vimeca;430;Avenida Carolina Michaelis;Algés, Linda-a-Velha e Cruz Quebrada-Dafundo
162;688;-106112.34689956292;-95027.73434321096;Bom;Fechado dos Lados;Yes;Vimeca;10;Avenida dos Bombeiros Voluntários de Algés;Algés, Linda-a-Velha e Cruz Quebrada-Dafundo
163;679;-106071.42513405527;-95039.14634930693;Bom;Fechado dos Lados;Yes;Vimeca;10;Avenida dos Bombeiros Voluntários de Algés;Algés, Linda-a-Velha e Cruz Quebrada-Dafundo
164;675;-106288.85;-95136.57;Bom;Fechado dos Lados;Yes;Vimeca;10;Avenida dos Bombeiros Voluntários de Algés;Algés, Linda-a-Velha e Cruz Quebrada-Dafundo
165;671;-106568.5;-95165.9;Bom;Fechado dos Lados;Yes;Vimeca;10;Avenida dos Bombeiros Voluntários de Algés;Algés, Linda-a-Velha e Cruz Quebrada-Dafundo
166;75;-106560.62;-95186.03;Bom;Aberto dos Lados;Yes;Vimeca;10;Avenida dos Bombeiros Voluntários de Algés;Algés, Linda-a-Velha e Cruz Quebrada-Dafundo
167;72;-106342.5;-95131.58;Bom;Fechado dos Lados;Yes;Vimeca;10;Avenida dos Bombeiros Voluntários de Algés;Algés, Linda-a-Velha e Cruz Quebrada-Dafundo
168;526;-107061.05;-95215.0;Bom;Fechado dos Lados;Yes;Vimeca;102;Largo Dom Manuel I;Algés, Linda-a-Velha e Cruz Quebrada-Dafundo
169;643;-105325.87;-95135.44;Bom;Fechado dos Lados;Yes;Vimeca;113;Alameda FerNo Lopes;Algés, Linda-a-Velha e Cruz Quebrada-Dafundo
170;641;-105655.76;-95028.52;Bom;Fechado dos Lados;Yes;Vimeca;116;Avenida General Norton de Matos;Algés, Linda-a-Velha e Cruz Quebrada-Dafundo
171;638;-105456.01;-94993.65;Bom;Fechado dos Lados;Yes;Vimeca;116;Avenida General Norton de Matos;Algés, Linda-a-Velha e Cruz Quebrada-Dafundo
172;637;-105462.27;-94976.17;Bom;Fechado dos Lados;Yes;Vimeca;116;Avenida General Norton de Matos;Algés, Linda-a-Velha e Cruz Quebrada-Dafundo
173;635;-105696.83;-95075.27;Bom;Fechado dos Lados;Yes;Vimeca;116;Avenida General Norton de Matos;Algés, Linda-a-Velha e Cruz Quebrada-Dafundo
174;657;-106786.85846811836;-95149.7421827531;Bom;Fechado dos Lados;Yes;Vimeca;155;Praça Doutor Manuel Martins;Algés, Linda-a-Velha e Cruz Quebrada-Dafundo
175;70;-106799.63;-95251.22;Bom;Sem Abrigo;No;Vimeca;155;Praça Doutor Manuel Martins;Algés, Linda-a-Velha e Cruz Quebrada-Dafundo
176;349;-105225.66;-96048.66;Bom;Fechado dos Lados;Yes;Vimeca;407;Rua Amaro Monteiro;Algés, Linda-a-Velha e Cruz Quebrada-Dafundo
177;860;-105051.07;-96033.67;Bom;Fechado dos Lados;Yes;Vimeca;416;Alameda António Sérgio;Algés, Linda-a-Velha e Cruz Quebrada-Dafundo
178;361;-105510.18;-96017.31;Bom;Fechado dos Lados;No;Vimeca;430;Avenida Carolina Michaelis;Algés, Linda-a-Velha e Cruz Quebrada-Dafundo
179;359;-105204.46;-96026.88;Bom;Fechado dos Lados;Yes;Vimeca;430;Avenida Carolina Michaelis;Algés, Linda-a-Velha e Cruz Quebrada-Dafundo
180;37;-105549.2006707616;-95690.84269383312;Bom;Fechado dos Lados;Yes;Vimeca;430;Avenida Carolina Michaelis;Algés, Linda-a-Velha e Cruz Quebrada-Dafundo
181;861;-105093.87;-96039.61;Bom;Fechado dos Lados;Yes;Vimeca;416;Alameda António Sérgio;Algés, Linda-a-Velha e Cruz Quebrada-Dafundo
182;82;-104255.84;-95234.54;Bom;Fechado dos Lados;No;Vimeca;306;Rua dos Cravos de Abril;Carnaxide e Queijas
183;1013;-101793.68162303537;-99832.30867120415;Bom;Sem Abrigo;No;LT;217;Rua da Constituição;Barcarena
184;102;-101969.18;-99801.53;Bom;Sem Abrigo;No;LT;217;Rua da Constituição;Barcarena
185;101;-101994.64;-99805.01;Bom;Sem Abrigo;No;LT;217;Rua da Constituição;Barcarena
186;106;-101762.99;-99819.05;Bom;Sem Abrigo;No;LT;261;Rua da Juventude;Barcarena
187;103;-101939.71;-99689.6;Bom;Sem Abrigo;No;LT;1003;Rua Odette de Saint-Maurice;Barcarena
188;737;-102409.39;-98701.67;Bom;Fechado dos Lados;Yes;LT;269;Rua Mário Castelhano;Barcarena
189;744;-102136.13485160774;-98663.30880207637;Bom;Fechado dos Lados;No;LT;216;Estrada Consiglieri Pedroso;Barcarena
190;715;-101966.52;-98573.78;Bom;Fechado dos Lados;Yes;LT;216;Estrada Consiglieri Pedroso;Barcarena
191;711;-101764.30649856283;-98424.15159847477;Bom;Sem Abrigo;No;LT;216;Estrada Consiglieri Pedroso;Barcarena
192;152;-102231.41;-98789.31;Bom;Fechado dos Lados;Yes;LT;216;Estrada Consiglieri Pedroso;Barcarena
193;127;-101949.9;-98542.91;Bom;Fechado dos Lados;Yes;LT;216;Estrada Consiglieri Pedroso;Barcarena
194;125;-101787.42;-98423.54;Bom;Fechado dos Lados;Yes;LT;216;Estrada Consiglieri Pedroso;Barcarena
195;732;-102381.73;-98965.83;Bom;Sem Abrigo;No;LT;950;Estrada das Palmeiras;Barcarena
196;733;-102638.72;-98781.31;Bom;Sem Abrigo;No;LT;993;Rua do Trabalho;Barcarena
197;146;-102407.34;-99102.68;Bom;Sem Abrigo;No;LT;216;Estrada Consiglieri Pedroso;Barcarena
198;145;-102412.85;-99137.94;Bom;Fechado dos Lados;Yes;LT;216;Estrada Consiglieri Pedroso;Barcarena
199;136;-102207.02;-99467.54;Bom;Sem Abrigo;No;LT;219;Estrada da Cruz dos Cavalinhos;Barcarena
200;135;-102185.42;-99474.62;Bom;Sem Abrigo;No;LT;219;Estrada da Cruz dos Cavalinhos;Barcarena
201;134;-102017.79;-99652.24;Bom;Fechado dos Lados;Yes;LT;219;Estrada da Cruz dos Cavalinhos;Barcarena
202;160;-102467.21;-98683.45;Bom;Sem Abrigo;No;LT;269;Rua Mário Castelhano;Barcarena
203;740;-102400.99;-98945.23;Bom;Sem Abrigo;No;LT;950;Estrada das Palmeiras;Barcarena
204;148;-102630.81;-98782.18;Bom;Sem Abrigo;No;LT;993;Rua do Trabalho;Barcarena
205;235;-104169.05;-97108.82;Bom;Sem Abrigo;No;LT;308;Estrada do Desvio;Carnaxide e Queijas
206;455;-106763.54;-97467.84;Bom;Sem Abrigo;No;LT;373;Avenida Ferreira Godinho;Algés, Linda-a-Velha e Cruz Quebrada-Dafundo
207;454;-106758.19;-97475.72;Bom;Sem Abrigo;No;LT;373;Avenida Ferreira Godinho;Algés, Linda-a-Velha e Cruz Quebrada-Dafundo
208;453;-106891.39;-97351.44;Bom;Fechado dos Lados;No;LT;373;Avenida Ferreira Godinho;Algés, Linda-a-Velha e Cruz Quebrada-Dafundo
209;739;-102735.06;-98272.9;Mau;Fechado dos Lados;No;Carris;830;Estrada Militar;Barcarena
210;738;-103016.79;-98428.89;Bom;Fechado dos Lados;Yes;LT;830;Estrada Militar;Barcarena
211;690;-103002.83;-98398.75;Bom;Aberto dos Lados;No;LT;830;Estrada Militar;Barcarena
212;84;-102931.23;-98622.69;Bom;Sem Abrigo;No;LT;830;Estrada Militar;Barcarena
213;83;-102942.61;-98628.76;Bom;Fechado dos Lados;Yes;Carris;830;Estrada Militar;Barcarena
214;151;-102676.09;-98810.3;Bom;Sem Abrigo;No;LT;950;Estrada das Palmeiras;Barcarena
215;743;-102708.54;-98296.07;Bom;Sem Abrigo;No;LT;1099;Rua Quinta da Bica do Sargento;Barcarena
216;708;-103166.65231804183;-97987.56576748958;Bom;Sem Abrigo;No;LT;1200;Rua Actor Carlos César;Carnaxide e Queijas
217;1016;-103193.05176985392;-97956.32085163088;Bom;Sem Abrigo;No;LT;1214;Estrada de Queluz;Carnaxide e Queijas
218;1015;-103181.82;-97967.06;Bom;Sem Abrigo;No;LT;1214;Estrada de Queluz;Carnaxide e Queijas
219;815;-104101.68;-97408.6;Bom;Fechado dos Lados;Yes;LT;1214;Estrada de Queluz;Carnaxide e Queijas
220;814;-104114.84;-97401.12;Bom;Fechado dos Lados;Yes;LT;1214;Estrada de Queluz;Carnaxide e Queijas
221;789;-103478.11;-97851.67;Bom;Sem Abrigo;No;LT;1214;Estrada de Queluz;Carnaxide e Queijas
222;169;-103468.05;-97872.21;Bom;Fechado dos Lados;Yes;LT;1214;Estrada de Queluz;Carnaxide e Queijas
223;158;-102845.12;-97961.08;Bom;Sem Abrigo;No;LT;1214;Estrada de Queluz;Carnaxide e Queijas
224;157;-102859.54;-97965.24;Bom;Fechado dos Lados;Yes;LT;1214;Estrada de Queluz;Carnaxide e Queijas
225;223;-104280.83;-98312.61;Bom;Fechado dos Lados;No;LT;1766;Praceta Antonio Leal de Oliveira;Carnaxide e Queijas
226;1009;-104303.63612383851;-98554.7783833525;Bom;Sem Abrigo;No;LT;79;Rua dos Açores;Carnaxide e Queijas
227;813;-104117.95;-97049.09;Bom;Fechado dos Lados;Yes;LT;303;Rua Cinco de Outubro;Carnaxide e Queijas
228;236;-104266.39;-96923.24;Bom;Sem Abrigo;No;LT;308;Estrada do Desvio;Carnaxide e Queijas
229;817;-104091.69;-96778.69;Bom;Fechado dos Lados;No;LT;362;Largo da Pátria Nova;Carnaxide e Queijas
230;804;-104935.73;-98290.43;Bom;Fechado dos Lados;Yes;LT;813;Rua João XXI;Carnaxide e Queijas
231;803;-104768.69;-98266.88;Bom;Fechado dos Lados;Yes;LT;813;Rua João XXI;Carnaxide e Queijas
232;802;-104942.78;-98303.15;Bom;Fechado dos Lados;Yes;LT;813;Rua João XXI;Carnaxide e Queijas
233;632;-104801.2;-98279.24;Bom;Fechado dos Lados;Yes;LT;813;Rua João XXI;Carnaxide e Queijas
234;801;-104447.68;-98306.88;Bom;Sem Abrigo;No;LT;833;Rua Mouzinho da Silveira;Carnaxide e Queijas
235;842;-105122.88;-97490.88;Bom;Fechado dos Lados;Yes;LT;1279;Avenida Tomás Ribeiro;Carnaxide e Queijas
236;841;-105119.12;-97474.49;Bom;Fechado dos Lados;Yes;LT;1279;Avenida Tomás Ribeiro;Carnaxide e Queijas
237;838;-105277.7;-97707.8;Bom;Fechado dos Lados;Yes;LT;1279;Avenida Tomás Ribeiro;Carnaxide e Queijas
238;837;-105155.04;-98252.49;Bom;Fechado dos Lados;Yes;LT;1279;Avenida Tomás Ribeiro;Carnaxide e Queijas
239;835;-105181.29;-98229.14;Bom;Fechado dos Lados;Yes;LT;1279;Avenida Tomás Ribeiro;Carnaxide e Queijas
240;816;-104200.64;-96833.39;Bom;Fechado dos Lados;Yes;LT;1279;Avenida Tomás Ribeiro;Carnaxide e Queijas
241;811;-104957.37;-97342.73;Bom;Fechado dos Lados;No;LT;1279;Avenida Tomás Ribeiro;Carnaxide e Queijas
242;810;-104965.93;-97337.63;Bom;Sem Abrigo;No;LT;1279;Avenida Tomás Ribeiro;Carnaxide e Queijas
243;809;-104609.35;-97210.07;Bom;Sem Abrigo;No;LT;1279;Avenida Tomás Ribeiro;Carnaxide e Queijas
244;808;-104604.14;-97197.81;Bom;Fechado dos Lados;Yes;LT;1279;Avenida Tomás Ribeiro;Carnaxide e Queijas
245;836;-105254.68;-97686.43;Bom;Sem Abrigo;No;LT;1763;Rua Visconde Moreira de Rey;Carnaxide e Queijas
246;805;-104471.99;-98565.73;Bom;Fechado dos Lados;No;LT;83;Rua Angra do Heroí­smo;Carnaxide e Queijas
247;800;-104618.82;-98507.86;Bom;Fechado dos Lados;No;LT;846;Rua da Quinta do Bonfim;Carnaxide e Queijas
248;229;-104718.77;-97838.97;Bom;Fechado dos Lados;No;LT;1767;Rua Augusto Fraga;Carnaxide e Queijas
249;581;-108611.0;-103212.55;Bom;Fechado dos Lados;Yes;LT;556;Avenida Dom João I;Oeiras e São Julião da Barra, Paço de Arcos e Caxias
250;576;-108633.94;-103087.73;Bom;Fechado dos Lados;Yes;LT;556;Avenida Dom João I;Oeiras e São Julião da Barra, Paço de Arcos e Caxias
251;941;-108629.88;-103387.36;Bom;Fechado dos Lados;Yes;LT;561;Rua Dona Filipa de Lencastre;Oeiras e São Julião da Barra, Paço de Arcos e Caxias
252;585;-108680.61;-103239.46;Razoavel;Fechado dos Lados;Yes;LT;561;Rua Dona Filipa de Lencastre;Oeiras e São Julião da Barra, Paço de Arcos e Caxias
253;780;-103217.78;-99786.02;Bom;Fechado dos Lados;No;LT;985;Rua Sete de Junho;Barcarena
254;967;-108145.87;-103052.15;Bom;Fechado dos Lados;Yes;LT;1332;Rua da Fundição de Oeiras;Oeiras e São Julião da Barra, Paço de Arcos e Caxias
255;944;-108324.30768595074;-103189.2291270085;Bom;Sem Abrigo;No;LT;1344;Avenida Infante Dom Henrique;Oeiras e São Julião da Barra, Paço de Arcos e Caxias
256;579;-108585.23;-103414.87;Bom;Sem Abrigo;No;LT;1344;Avenida Infante Dom Henrique;Oeiras e São Julião da Barra, Paço de Arcos e Caxias
257;969;-108450.51;-102954.49;Bom;Fechado dos Lados;Yes;LT;1346;Rua Infanta Dona Isabel;Oeiras e São Julião da Barra, Paço de Arcos e Caxias
258;913;-108219.95;-102975.3;Bom;Aberto dos Lados;No;LT;1346;Rua Infanta Dona Isabel;Oeiras e São Julião da Barra, Paço de Arcos e Caxias
259;584;-108725.34;-103548.2;Bom;Fechado dos Lados;No;LT;1392;Rua da Medrosa;Oeiras e São Julião da Barra, Paço de Arcos e Caxias
260;583;-108734.22;-103555.55;Bom;Fechado dos Lados;No;LT;1392;Rua da Medrosa;Oeiras e São Julião da Barra, Paço de Arcos e Caxias
261;285;-105368.2;-101892.7;Bom;Sem Abrigo;No;LT;1497;Avenida dos Bombeiros Voluntários de Oeiras;Porto Salvo
262;284;-105349.84;-101863.8;Bom;Sem Abrigo;No;LT;1497;Avenida dos Bombeiros Voluntários de Oeiras;Porto Salvo
263;751;-103269.77;-101294.22;Bom;Sem Abrigo;No;LT;262;Estrada de Leceia;Porto Salvo
264;310;-107559.62;-102708.32;Bom;Fechado dos Lados;Yes;LT;514;Largo Avião Lusitânia;Oeiras e São Julião da Barra, Paço de Arcos e Caxias
265;505;-107655.06;-102500.24;Bom;Fechado dos Lados;Yes;LT;533;Rua Cândido dos Reis;Oeiras e São Julião da Barra, Paço de Arcos e Caxias
266;501;-107752.93;-102745.45;Bom;Fechado dos Lados;Yes;LT;559;Rua Desembargador Faria;Oeiras e São Julião da Barra, Paço de Arcos e Caxias
267;540;-107146.31;-102052.84;Bom;Fechado dos Lados;Yes;LT;1325;Rua da Figueirinha;Oeiras e São Julião da Barra, Paço de Arcos e Caxias
268;521;-107653.99;-103018.24;Bom;Fechado dos Lados;Yes;LT;1372;Rua dos Lagares da Quinta;Oeiras e São Julião da Barra, Paço de Arcos e Caxias
269;208;-104277.99;-101693.69;Bom;Fechado dos Lados;Yes;LT;735;Estrada de Leião;Porto Salvo
270;577;-108251.01;-102833.68;Bom;Fechado dos Lados;Yes;LT;494;Largo Almirante Gago Coutinho;Oeiras e São Julião da Barra, Paço de Arcos e Caxias
271;518;-107301.29;-102385.38;Bom;Fechado dos Lados;Yes;LT;578;Avenida Embaixador Augusto de Castro;Oeiras e São Julião da Barra, Paço de Arcos e Caxias
272;762;-103544.73;-101579.29;Bom;Fechado dos Lados;Yes;LT;735;Estrada de Leião;Porto Salvo
273;756;-103586.35;-101579.63;Bom;Fechado dos Lados;Yes;LT;735;Estrada de Leião;Porto Salvo
274;543;-107125.25;-102350.86;Bom;Fechado dos Lados;Yes;LT;545;Praça Comandante Henrique Moreira Rato;Oeiras e São Julião da Barra, Paço de Arcos e Caxias
275;10;-107129.12;-102327.55;Bom;Fechado dos Lados;Yes;LT;545;Praça Comandante Henrique Moreira Rato;Oeiras e São Julião da Barra, Paço de Arcos e Caxias
276;538;-107524.55;-102219.24;Bom;Fechado dos Lados;Yes;LT;1325;Rua da Figueirinha;Oeiras e São Julião da Barra, Paço de Arcos e Caxias
277;869;-106637.6759550182;-102220.03308837877;Bom;Sem Abrigo;No;LT;1407;Estrada de Oeiras;Oeiras e São Julião da Barra, Paço de Arcos e Caxias
278;542;-107049.08;-102098.31;Bom;Fechado dos Lados;Yes;LT;1427;Avenida Rio de Janeiro;Oeiras e São Julião da Barra, Paço de Arcos e Caxias
279;541;-107041.47;-102109.11;Bom;Fechado dos Lados;Yes;LT;1427;Avenida Rio de Janeiro;Oeiras e São Julião da Barra, Paço de Arcos e Caxias
280;516;-107095.35;-102502.91;Bom;Fechado dos Lados;Yes;LT;1427;Avenida Rio de Janeiro;Oeiras e São Julião da Barra, Paço de Arcos e Caxias
281;503;-107081.63;-102504.58;Bom;Fechado dos Lados;Yes;LT;1427;Avenida Rio de Janeiro;Oeiras e São Julião da Barra, Paço de Arcos e Caxias
282;828;-105046.86;-101627.86;Bom;Fechado dos Lados;Yes;LT;1540;Estrada de Paço de Arcos;Porto Salvo
283;797;-104431.06;-101723.48;Bom;Fechado dos Lados;Yes;LT;692;Rua Conde de Rio Maior;Porto Salvo
284;796;-104911.86;-101688.38;Bom;Fechado dos Lados;Yes;LT;692;Rua Conde de Rio Maior;Porto Salvo
285;795;-104741.4;-101691.52;Bom;Fechado dos Lados;Yes;LT;692;Rua Conde de Rio Maior;Porto Salvo
286;191;-104731.0;-101677.86;Bom;Sem Abrigo;No;LT;692;Rua Conde de Rio Maior;Porto Salvo
287;785;-103715.97;-100117.58;Bom;Fechado dos Lados;Yes;LT;242;Largo General Humberto Delgado;Barcarena
288;781;-103703.89;-100125.35;Bom;Sem Abrigo;No;LT;262;Estrada de Leceia;Barcarena
289;779;-103283.29;-99818.83;Bom;Fechado dos Lados;No;Carris;985;Rua Sete de Junho;Barcarena
290;774;-103410.59;-99904.77;Bom;Fechado dos Lados;Yes;LT;985;Rua Sete de Junho;Barcarena
291;773;-103414.27;-99913.2;Bom;Sem Abrigo;No;LT;985;Rua Sete de Junho;Barcarena
292;419;-106722.41;-99402.9;Bom;Fechado dos Lados;No;LT;849;Avenida António Florêncio dos Santos;Oeiras e São Julião da Barra, Paço de Arcos e Caxias
293;88;-106688.11;-99381.79;Bom;Fechado dos Lados;Yes;LT;849;Avenida António Florêncio dos Santos;Oeiras e São Julião da Barra, Paço de Arcos e Caxias
294;752;-103260.70410270983;-101287.68122082387;Bom;Desconhecido;No;LT;262;Estrada de Leceia;Porto Salvo
295;778;-103467.02;-100463.6;Bom;Sem Abrigo;No;LT;262;Estrada de Leceia;Barcarena
296;777;-103456.31;-100462.21;Bom;Fechado dos Lados;No;LT;262;Estrada de Leceia;Barcarena
297;776;-103364.8;-100773.19;Bom;Sem Abrigo;No;LT;262;Estrada de Leceia;Barcarena
298;775;-103358.57;-100763.83;Bom;Fechado dos Lados;Yes;LT;262;Estrada de Leceia;Barcarena
299;379;-106252.84;-102027.92;Bom;Fechado dos Lados;Yes;LT;1497;Avenida dos Bombeiros Voluntários de Oeiras;Oeiras e São Julião da Barra, Paço de Arcos e Caxias
300;378;-106228.95;-102033.94;Bom;Sem Abrigo;Yes;LT;1497;Avenida dos Bombeiros Voluntários de Oeiras;Oeiras e São Julião da Barra, Paço de Arcos e Caxias
301;294;-105880.9;-101989.75;Bom;Fechado dos Lados;Yes;LT;1497;Avenida dos Bombeiros Voluntários de Oeiras;Oeiras e São Julião da Barra, Paço de Arcos e Caxias
302;283;-105571.85;-101959.97;Bom;Fechado dos Lados;Yes;LT;1497;Avenida dos Bombeiros Voluntários de Oeiras;Oeiras e São Julião da Barra, Paço de Arcos e Caxias
303;282;-105530.56;-101934.24;Bom;Fechado dos Lados;Yes;LT;1497;Avenida dos Bombeiros Voluntários de Oeiras;Oeiras e São Julião da Barra, Paço de Arcos e Caxias
304;281;-105866.86;-101977.3;Bom;Fechado dos Lados;Yes;LT;1497;Avenida dos Bombeiros Voluntários de Oeiras;Oeiras e São Julião da Barra, Paço de Arcos e Caxias
305;693;-103934.24;-96642.56;Bom;Fechado dos Lados;Yes;LT;1113;Avenida de Portugal;Carnaxide e Queijas
306;692;-103960.0;-96640.32;Bom;Fechado dos Lados;Yes;Carris;1113;Avenida de Portugal;Carnaxide e Queijas
307;946;-103055.33836526402;-95462.37048401363;Bom;Fechado dos Lados;No;Carris;25;Estrada de Alfragide;Desconhecido
308;592;-103100.09;-95100.64;Razoavel;Fechado dos Lados;Yes;LT;25;Estrada de Alfragide;Carnaxide e Queijas
309;591;-103097.89;-95148.46;Razoavel;Fechado dos Lados;Yes;LT;25;Estrada de Alfragide;Carnaxide e Queijas
310;590;-103055.84;-95605.42;Bom;Sem Abrigo;No;LT;25;Estrada de Alfragide;Carnaxide e Queijas
311;176;-103550.21;-96609.89;Bom;Aberto dos Lados;Yes;LT;276;Estrada da Amadora;Carnaxide e Queijas
312;175;-103543.27;-96685.43;Bom;Fechado dos Lados;Yes;LT;276;Estrada da Amadora;Carnaxide e Queijas
313;174;-103456.83;-96098.84;Bom;Fechado dos Lados;No;LT;276;Estrada da Amadora;Carnaxide e Queijas
314;173;-103441.79;-96114.45;Bom;Fechado dos Lados;No;LT;276;Estrada da Amadora;Carnaxide e Queijas
315;178;-103793.26;-96821.2;Bom;Fechado dos Lados;Yes;LT;1113;Avenida de Portugal;Carnaxide e Queijas
316;177;-103782.94;-96828.11;Bom;Sem Abrigo;No;LT;1113;Avenida de Portugal;Carnaxide e Queijas
317;327;-105824.71;-98610.29;Bom;Sem Abrigo;No;LT;830;Estrada Militar;Oeiras e São Julião da Barra, Paço de Arcos e Caxias
318;326;-105971.01;-98597.24;Bom;Sem Abrigo;No;LT;830;Estrada Militar;Algés, Linda-a-Velha e Cruz Quebrada-Dafundo
319;325;-105660.54;-98769.86;Bom;Fechado dos Lados;No;LT;1796;Rua das Tí­lias;Oeiras e São Julião da Barra, Paço de Arcos e Caxias
320;324;-105658.22;-98790.53;Bom;Fechado dos Lados;Yes;LT;1796;Rua das Tí­lias;Oeiras e São Julião da Barra, Paço de Arcos e Caxias
321;431;-106095.33;-99310.37;Bom;Fechado dos Lados;Yes;LT;867;Avenida Conselheiro Ferreira Lobo;Oeiras e São Julião da Barra, Paço de Arcos e Caxias
322;274;-106013.52;-99221.37;Bom;Fechado dos Lados;No;LT;858;Rua Calvet de Magalhães;Oeiras e São Julião da Barra, Paço de Arcos e Caxias
323;273;-106004.77;-99221.99;Bom;Sem Abrigo;No;LT;858;Rua Calvet de Magalhães;Oeiras e São Julião da Barra, Paço de Arcos e Caxias
324;439;-106462.23;-99301.85;Bom;Fechado dos Lados;No;LT;867;Avenida Conselheiro Ferreira Lobo;Oeiras e São Julião da Barra, Paço de Arcos e Caxias
325;437;-106124.25;-99314.68;Bom;Sem Abrigo;No;LT;867;Avenida Conselheiro Ferreira Lobo;Oeiras e São Julião da Barra, Paço de Arcos e Caxias
326;409;-106998.97;-99255.62;Bom;Fechado dos Lados;Yes;LT;898;Estrada da Gibalta;Oeiras e São Julião da Barra, Paço de Arcos e Caxias
327;319;-105790.91;-99107.05;Bom;Fechado dos Lados;Yes;LT;909;Avenida João de Freitas Branco;Oeiras e São Julião da Barra, Paço de Arcos e Caxias
328;318;-105817.33;-99103.07;Bom;Fechado dos Lados;Yes;LT;909;Avenida João de Freitas Branco;Oeiras e São Julião da Barra, Paço de Arcos e Caxias
329;317;-105682.17;-99043.27;Bom;Fechado dos Lados;Yes;LT;909;Avenida João de Freitas Branco;Oeiras e São Julião da Barra, Paço de Arcos e Caxias
330;320;-105649.56;-98984.75;Bom;Fechado dos Lados;Yes;LT;936;Largo da Quinta do Jardim;Oeiras e São Julião da Barra, Paço de Arcos e Caxias
331;423;-106402.8;-99289.78;Bom;Fechado dos Lados;Yes;LT;1786;Rua de São João de Deus;Oeiras e São Julião da Barra, Paço de Arcos e Caxias
332;370;-105284.38;-95991.59;Bom;Fechado dos Lados;Yes;SCoTTURB;431;Rua de Ceuta;Algés, Linda-a-Velha e Cruz Quebrada-Dafundo
333;348;-105643.02;-96045.85;Bom;Aberto dos Lados;No;Vimeca;442;Rua Domingos Fernandes;Algés, Linda-a-Velha e Cruz Quebrada-Dafundo
334;18;-105326.04;-95824.84;Bom;Fechado dos Lados;No;Vimeca;443;Rua Doutor Agostinho de Campos;Algés, Linda-a-Velha e Cruz Quebrada-Dafundo
335;340;-106068.28;-96585.41;Bom;Sem Abrigo;No;Vimeca;477;Rua Luz Soriano;Algés, Linda-a-Velha e Cruz Quebrada-Dafundo
336;337;-105713.9;-96309.68;Bom;Aberto dos Lados;No;Vimeca;1251;Rua Pedro Álvares Cabral;Algés, Linda-a-Velha e Cruz Quebrada-Dafundo
337;371;-105299.61;-95995.91;Bom;Sem Abrigo;No;Vimeca;431;Rua de Ceuta;Algés, Linda-a-Velha e Cruz Quebrada-Dafundo
338;19;-105294.01;-95844.02;Bom;Sem Abrigo;No;Vimeca;431;Rua de Ceuta;Algés, Linda-a-Velha e Cruz Quebrada-Dafundo
339;16;-105373.94;-95734.72;Bom;Sem Abrigo;No;Vimeca;431;Rua de Ceuta;Algés, Linda-a-Velha e Cruz Quebrada-Dafundo
340;492;-106048.05;-96569.91;Bom;Sem Abrigo;No;Vimeca;477;Rua Luz Soriano;Algés, Linda-a-Velha e Cruz Quebrada-Dafundo
341;338;-105719.88;-96325.39;Bom;Aberto dos Lados;No;Vimeca;1251;Rua Pedro Álvares Cabral;Algés, Linda-a-Velha e Cruz Quebrada-Dafundo
342;875;-106837.97523209227;-101312.81293258877;Bom;Fechado dos Lados;Yes;LT;51;Rua A Gazeta DÂ´Oeiras;Oeiras e São Julião da Barra, Paço de Arcos e Caxias
343;874;-106828.30282704088;-101321.74130648236;Bom;Fechado dos Lados;Yes;LT;51;Rua A Gazeta DÂ´Oeiras;Oeiras e São Julião da Barra, Paço de Arcos e Caxias
344;549;-107045.27;-101540.24;Bom;Fechado dos Lados;Yes;LT;51;Rua A Gazeta DÂ´Oeiras;Oeiras e São Julião da Barra, Paço de Arcos e Caxias
345;548;-107036.05;-101530.9;Bom;Fechado dos Lados;Yes;LT;51;Rua A Gazeta DÂ´Oeiras;Oeiras e São Julião da Barra, Paço de Arcos e Caxias
346;404;-106707.27;-101357.94;Bom;Sem Abrigo;No;LT;51;Rua A Gazeta DÂ´Oeiras;Oeiras e São Julião da Barra, Paço de Arcos e Caxias
347;403;-106688.88;-101392.42;Bom;Fechado dos Lados;Yes;LT;51;Rua A Gazeta DÂ´Oeiras;Oeiras e São Julião da Barra, Paço de Arcos e Caxias
348;399;-106862.17;-101462.2;Bom;Sem Abrigo;No;LT;51;Rua A Gazeta DÂ´Oeiras;Oeiras e São Julião da Barra, Paço de Arcos e Caxias
349;398;-106850.3;-101488.95;Bom;Sem Abrigo;No;LT;51;Rua A Gazeta DÂ´Oeiras;Oeiras e São Julião da Barra, Paço de Arcos e Caxias
350;534;-107422.35;-102089.51;Bom;Fechado dos Lados;No;Carris;499;Avenida de Angola;Oeiras e São Julião da Barra, Paço de Arcos e Caxias
351;533;-107409.14;-102099.37;Bom;Fechado dos Lados;No;LT;499;Avenida de Angola;Oeiras e São Julião da Barra, Paço de Arcos e Caxias
352;532;-107471.58;-102018.18;Bom;Aberto dos Lados;No;LT;499;Avenida de Angola;Oeiras e São Julião da Barra, Paço de Arcos e Caxias
353;566;-107420.54;-102241.23;Bom;Fechado dos Lados;Yes;LT;547;Rua Comandante Germano Dias;Oeiras e São Julião da Barra, Paço de Arcos e Caxias
354;531;-107429.2;-102210.53;Bom;Fechado dos Lados;Yes;LT;547;Rua Comandante Germano Dias;Oeiras e São Julião da Barra, Paço de Arcos e Caxias
355;504;-107503.48;-102420.75;Bom;Fechado dos Lados;Yes;LT;547;Rua Comandante Germano Dias;Oeiras e São Julião da Barra, Paço de Arcos e Caxias
356;920;-107409.66;-102471.79;Bom;Fechado dos Lados;Yes;LT;551;Avenida Copacabana;Oeiras e São Julião da Barra, Paço de Arcos e Caxias
357;517;-107532.34;-102429.36;Bom;Fechado dos Lados;Yes;LT;551;Avenida Copacabana;Oeiras e São Julião da Barra, Paço de Arcos e Caxias
358;919;-107319.63;-102563.55;Bom;Fechado dos Lados;Yes;LT;578;Avenida Embaixador Augusto de Castro;Oeiras e São Julião da Barra, Paço de Arcos e Caxias
359;871;-106541.47;-101422.66;Bom;Fechado dos Lados;Yes;LT;587;Avenida António Bernardo Cabral de Macedo;Oeiras e São Julião da Barra, Paço de Arcos e Caxias
360;408;-106741.29;-101198.09;Bom;Fechado dos Lados;Yes;LT;587;Avenida António Bernardo Cabral de Macedo;Oeiras e São Julião da Barra, Paço de Arcos e Caxias
361;407;-106584.03;-101407.23;Bom;Sem Abrigo;No;LT;587;Avenida António Bernardo Cabral de Macedo;Oeiras e São Julião da Barra, Paço de Arcos e Caxias
362;390;-106769.62;-101182.57;Bom;Sem Abrigo;No;LT;587;Avenida António Bernardo Cabral de Macedo;Oeiras e São Julião da Barra, Paço de Arcos e Caxias
363;570;-107050.23;-100723.54;Bom;Fechado dos Lados;Yes;LT;605;Rua Conde das Alcáçovas;Oeiras e São Julião da Barra, Paço de Arcos e Caxias
364;530;-107482.01;-102338.02;Bom;Fechado dos Lados;Yes;LT;1321;Rua Fernando Pessoa;Oeiras e São Julião da Barra, Paço de Arcos e Caxias
365;873;-106648.75190204488;-101501.0003281652;Bom;Sem Abrigo;No;LT;1359;Rua José de Azambuja Proença;Oeiras e São Julião da Barra, Paço de Arcos e Caxias
366;394;-106663.26;-101486.4;Bom;Sem Abrigo;No;LT;1359;Rua José de Azambuja Proença;Oeiras e São Julião da Barra, Paço de Arcos e Caxias
367;567;-107279.28;-102025.92;Bom;Fechado dos Lados;Yes;LT;1455;Avenida do Ultramar;Oeiras e São Julião da Barra, Paço de Arcos e Caxias
368;539;-107434.4;-101991.91;Bom;Fechado dos Lados;Yes;LT;1455;Avenida do Ultramar;Oeiras e São Julião da Barra, Paço de Arcos e Caxias
369;1025;-108102.81093469674;-103074.8246594517;Bom;Sem Abrigo;No;LT;1342;Rua Henrique de Paiva Couceiro;Oeiras e São Julião da Barra, Paço de Arcos e Caxias
370;554;-107124.01;-101962.87;Bom;Fechado dos Lados;Yes;LT;527;Avenida de Brasí­lia;Oeiras e São Julião da Barra, Paço de Arcos e Caxias
371;553;-107113.59;-101968.28;Bom;Fechado dos Lados;Yes;LT;527;Avenida de Brasí­lia;Oeiras e São Julião da Barra, Paço de Arcos e Caxias
372;552;-107114.28;-101783.86;Bom;Fechado dos Lados;Yes;LT;527;Avenida de Brasí­lia;Oeiras e São Julião da Barra, Paço de Arcos e Caxias
373;551;-107102.8;-101781.42;Bom;Fechado dos Lados;Yes;LT;527;Avenida de Brasí­lia;Oeiras e São Julião da Barra, Paço de Arcos e Caxias
374;565;-107105.26;-101627.34;Bom;Sem Abrigo;No;LT;601;Rua Carlos Vieira Ramos;Oeiras e São Julião da Barra, Paço de Arcos e Caxias
375;564;-107094.68;-101630.41;Bom;Sem Abrigo;No;LT;601;Rua Carlos Vieira Ramos;Oeiras e São Julião da Barra, Paço de Arcos e Caxias
376;925;-107625.08;-103117.77;Bom;Fechado dos Lados;No;LT;1431;Avenida Salvador Allende;Oeiras e São Julião da Barra, Paço de Arcos e Caxias
377;872;-106368.26;-101705.73;Bom;Sem Abrigo;Yes;LT;587;Avenida António Bernardo Cabral de Macedo;Oeiras e São Julião da Barra, Paço de Arcos e Caxias
378;391;-106420.98;-101611.2;Bom;Fechado dos Lados;Yes;LT;587;Avenida António Bernardo Cabral de Macedo;Oeiras e São Julião da Barra, Paço de Arcos e Caxias
379;705;-101884.93;-101826.65;Bom;Fechado dos Lados;Yes;LT;1667;Avenida Professor Dr. Cavaco Silva;Porto Salvo
380;704;-101856.51;-101822.02;Bom;Fechado dos Lados;Yes;LT;1667;Avenida Professor Dr. Cavaco Silva;Porto Salvo
381;272;-105722.56;-102581.2;Bom;Sem Abrigo;No;LT;1680;Rua Encosta das Lagoas;Porto Salvo
382;271;-105742.74;-102575.8;Bom;Fechado dos Lados;No;LT;1680;Rua Encosta das Lagoas;Porto Salvo
383;727;-102515.87;-101878.09;Bom;Fechado dos Lados;Yes;LT;1667;Avenida Professor Dr. Cavaco Silva;Porto Salvo
384;726;-102509.72;-101859.8;Bom;Fechado dos Lados;Yes;LT;1667;Avenida Professor Dr. Cavaco Silva;Porto Salvo
385;723;-102865.58;-101399.39;Bom;Fechado dos Lados;Yes;LT;1667;Avenida Professor Dr. Cavaco Silva;Porto Salvo
386;722;-102849.51;-101421.76;Bom;Fechado dos Lados;Yes;LT;1667;Avenida Professor Dr. Cavaco Silva;Porto Salvo
387;717;-102227.22;-101894.71;Bom;Fechado dos Lados;Yes;LT;1667;Avenida Professor Dr. Cavaco Silva;Porto Salvo
388;716;-102227.55;-101920.36;Bom;Fechado dos Lados;Yes;LT;1667;Avenida Professor Dr. Cavaco Silva;Porto Salvo
389;832;-105236.25;-102190.54;Bom;Fechado dos Lados;Yes;LT;1682;Avenida Santa Casa da Misericordia de Oeiras;Porto Salvo
390;831;-105274.84;-101913.18;Bom;Fechado dos Lados;Yes;LT;1682;Avenida Santa Casa da Misericordia de Oeiras;Porto Salvo
391;830;-105227.47;-102176.58;Bom;Fechado dos Lados;Yes;LT;1682;Avenida Santa Casa da Misericordia de Oeiras;Porto Salvo
392;829;-105291.98;-101912.29;Bom;Fechado dos Lados;Yes;LT;1682;Avenida Santa Casa da Misericordia de Oeiras;Porto Salvo
393;989;-106533.85390436776;-102159.09374561996;Bom;Aberto dos Lados;No;LT;1407;Estrada de Oeiras;Oeiras e São Julião da Barra, Paço de Arcos e Caxias
394;827;-105268.41;-102428.49;Bom;Fechado dos Lados;Yes;LT;1680;Rua Encosta das Lagoas;Porto Salvo
395;266;-105280.44;-102478.21;Bom;Fechado dos Lados;Yes;LT;1680;Rua Encosta das Lagoas;Porto Salvo
396;381;-106248.58;-102114.98;Razoavel;Sem Abrigo;No;LT;1521;Estrada da Ribeira da Laje;Oeiras e São Julião da Barra, Paço de Arcos e Caxias
397;380;-106217.2;-102161.99;Bom;Fechado dos Lados;Yes;LT;1521;Estrada da Ribeira da Laje;Oeiras e São Julião da Barra, Paço de Arcos e Caxias
398;81;-107028.61;-95211.28;Bom;Fechado dos Lados;Yes;LT;103;Rua Damião de Góis;Algés, Linda-a-Velha e Cruz Quebrada-Dafundo
399;64;-106263.4;-95432.65;Bom;Fechado dos Lados;Yes;LT;142;Avenida da República;Algés, Linda-a-Velha e Cruz Quebrada-Dafundo
400;63;-106281.59;-95428.61;Bom;Sem Abrigo;No;LT;142;Avenida da República;Algés, Linda-a-Velha e Cruz Quebrada-Dafundo
401;62;-106448.94;-95449.29;Bom;Fechado dos Lados;Yes;LT;142;Avenida da República;Algés, Linda-a-Velha e Cruz Quebrada-Dafundo
402;59;-106702.76;-95584.31;Bom;Sem Abrigo;No;LT;142;Avenida da República;Algés, Linda-a-Velha e Cruz Quebrada-Dafundo
403;58;-106491.0;-95464.18;Bom;Fechado dos Lados;Yes;LT;142;Avenida da República;Algés, Linda-a-Velha e Cruz Quebrada-Dafundo
404;57;-106676.23;-95569.51;Bom;Fechado dos Lados;No;LT;142;Avenida da República;Algés, Linda-a-Velha e Cruz Quebrada-Dafundo
405;364;-105749.92;-96128.02;Bom;Fechado dos Lados;Yes;LT;150;Rua Victor Duarte Pedroso;Algés, Linda-a-Velha e Cruz Quebrada-Dafundo
406;61;-106056.3;-95443.94;Bom;Fechado dos Lados;No;LT;150;Rua Victor Duarte Pedroso;Algés, Linda-a-Velha e Cruz Quebrada-Dafundo
407;60;-106031.48;-95429.88;Bom;Sem Abrigo;No;LT;150;Rua Victor Duarte Pedroso;Algés, Linda-a-Velha e Cruz Quebrada-Dafundo
408;33;-105923.57;-95719.27;Bom;Fechado dos Lados;No;LT;150;Rua Victor Duarte Pedroso;Algés, Linda-a-Velha e Cruz Quebrada-Dafundo
409;32;-105942.11;-95669.45;Bom;Fechado dos Lados;No;LT;150;Rua Victor Duarte Pedroso;Algés, Linda-a-Velha e Cruz Quebrada-Dafundo
410;1002;-104226.49;-95797.22;Bom;Fechado dos Lados;Yes;LT;327;Avenida do Forte;Carnaxide e Queijas
411;986;-104675.71;-95821.42;Bom;Fechado dos Lados;Yes;LT;327;Avenida do Forte;Carnaxide e Queijas
412;983;-104700.62;-95803.69;Bom;Fechado dos Lados;Yes;LT;327;Avenida do Forte;Carnaxide e Queijas
413;977;-104296.72;-95828.26;Bom;Fechado dos Lados;Yes;LT;327;Avenida do Forte;Carnaxide e Queijas
414;950;-103725.69;-95975.2;Bom;Fechado dos Lados;Yes;LT;354;Rua Manuel Teixeira Gomes;Carnaxide e Queijas
415;792;-103922.82;-96235.62;Bom;Fechado dos Lados;Yes;LT;354;Rua Manuel Teixeira Gomes;Carnaxide e Queijas
416;333;-105712.14;-96154.74;Bom;Fechado dos Lados;Yes;LT;450;Rua Engenheiro José Frederico Ulrich;Algés, Linda-a-Velha e Cruz Quebrada-Dafundo
417;823;-104032.88;-96536.98;Bom;Fechado dos Lados;Yes;LT;1113;Avenida de Portugal;Carnaxide e Queijas
418;818;-104031.08;-96173.83;Bom;Fechado dos Lados;Yes;LT;1113;Avenida de Portugal;Carnaxide e Queijas
419;807;-104003.78;-96559.17;Bom;Fechado dos Lados;Yes;LT;1113;Avenida de Portugal;Carnaxide e Queijas
420;710;-103972.32;-95981.88;Bom;Fechado dos Lados;Yes;LT;1113;Avenida de Portugal;Carnaxide e Queijas
421;954;-104075.89;-95771.82;Bom;Fechado dos Lados;Yes;LT;1116;Avenida Professor Dr. Reinaldo dos Santos;Carnaxide e Queijas
422;947;-103879.91;-95751.23;Bom;Fechado dos Lados;No;LT;1116;Avenida Professor Dr. Reinaldo dos Santos;Carnaxide e Queijas
423;952;-104058.98;-95839.14;Bom;Fechado dos Lados;Yes;LT;1137;Rua Tenente-General Zeferino Sequeira;Carnaxide e Queijas
424;846;-105713.9;-96309.68;Bom;Aberto dos Lados;No;LT;1251;Rua Pedro Álvares Cabral;Algés, Linda-a-Velha e Cruz Quebrada-Dafundo
425;845;-105719.88;-96325.39;Bom;Aberto dos Lados;No;LT;1251;Rua Pedro Álvares Cabral;Algés, Linda-a-Velha e Cruz Quebrada-Dafundo
426;367;-105679.92;-96534.6;Bom;Fechado dos Lados;Yes;LT;1279;Avenida Tomás Ribeiro;Algés, Linda-a-Velha e Cruz Quebrada-Dafundo
427;330;-105744.42;-96527.5;Bom;Fechado dos Lados;Yes;LT;1279;Avenida Tomás Ribeiro;Algés, Linda-a-Velha e Cruz Quebrada-Dafundo
428;863;-105210.86;-96382.34;Bom;Fechado dos Lados;Yes;LT;1283;Avenida Vinte e Cinco de Abril de 1974;Algés, Linda-a-Velha e Cruz Quebrada-Dafundo
429;857;-105326.62;-96569.43;Bom;Fechado dos Lados;Yes;LT;1283;Avenida Vinte e Cinco de Abril de 1974;Algés, Linda-a-Velha e Cruz Quebrada-Dafundo
430;856;-105287.42;-96454.4;Bom;Fechado dos Lados;Yes;LT;1283;Avenida Vinte e Cinco de Abril de 1974;Algés, Linda-a-Velha e Cruz Quebrada-Dafundo
431;354;-105043.39;-96109.56;Bom;Fechado dos Lados;Yes;LT;1283;Avenida Vinte e Cinco de Abril de 1974;Algés, Linda-a-Velha e Cruz Quebrada-Dafundo
432;353;-105062.32;-96107.23;Bom;Fechado dos Lados;Yes;LT;1283;Avenida Vinte e Cinco de Abril de 1974;Algés, Linda-a-Velha e Cruz Quebrada-Dafundo
433;535;-107581.42;-102198.59;Bom;Fechado dos Lados;Yes;LT;533;Rua Cândido dos Reis;Oeiras e São Julião da Barra, Paço de Arcos e Caxias
434;1006;-107164.33866025774;-101426.22549078584;Bom;Fechado dos Lados;Yes;LT;601;Rua Carlos Vieira Ramos;Oeiras e São Julião da Barra, Paço de Arcos e Caxias
435;563;-107141.23;-101485.07;Bom;Fechado dos Lados;Yes;LT;601;Rua Carlos Vieira Ramos;Oeiras e São Julião da Barra, Paço de Arcos e Caxias
436;425;-106665.8;-99468.51;Bom;Fechado dos Lados;No;LT;856;Rua Bernardim Ribeiro;Oeiras e São Julião da Barra, Paço de Arcos e Caxias
437;432;-106389.99;-99441.49;Bom;Aberto dos Lados;No;LT;899;Rua de Goa;Oeiras e São Julião da Barra, Paço de Arcos e Caxias
438;424;-106482.29;-99626.9;Bom;Aberto dos Lados;No;LT;899;Rua de Goa;Oeiras e São Julião da Barra, Paço de Arcos e Caxias
439;934;-107286.31;-102095.09;Bom;Fechado dos Lados;Yes;LT;1325;Rua da Figueirinha;Oeiras e São Julião da Barra, Paço de Arcos e Caxias
440;568;-107459.5;-101976.24;Bom;Fechado dos Lados;Yes;LT;1455;Avenida do Ultramar;Oeiras e São Julião da Barra, Paço de Arcos e Caxias
441;562;-107112.0;-101075.39;Bom;Fechado dos Lados;No;LT;1527;Rua Manuel Pinhanços;Oeiras e São Julião da Barra, Paço de Arcos e Caxias
442;429;-106431.59;-99785.79;Bom;Sem Abrigo;No;LT;1769;Rua Vasco da Gama;Oeiras e São Julião da Barra, Paço de Arcos e Caxias
443;428;-106433.33;-99804.88;Bom;Sem Abrigo;No;LT;1769;Rua Vasco da Gama;Oeiras e São Julião da Barra, Paço de Arcos e Caxias
444;1008;-106840.5909766439;-100709.59335706283;Bom;Sem Abrigo;No;LT;585;Rua de Angola;Oeiras e São Julião da Barra, Paço de Arcos e Caxias
445;436;-106547.04;-100175.4;Bom;Fechado dos Lados;Yes;LT;592;Rua Augusto Sousa Lobo;Oeiras e São Julião da Barra, Paço de Arcos e Caxias
446;435;-106550.9;-100185.96;Bom;Aberto dos Lados;No;LT;592;Rua Augusto Sousa Lobo;Oeiras e São Julião da Barra, Paço de Arcos e Caxias
447;421;-106355.98;-100328.5;Bom;Fechado dos Lados;No;LT;592;Rua Augusto Sousa Lobo;Oeiras e São Julião da Barra, Paço de Arcos e Caxias
448;420;-106369.82;-100337.94;Bom;Fechado dos Lados;No;LT;592;Rua Augusto Sousa Lobo;Oeiras e São Julião da Barra, Paço de Arcos e Caxias
449;413;-106399.4;-100625.78;Bom;Fechado dos Lados;No;LT;609;Rua Conde de Rio Maior;Oeiras e São Julião da Barra, Paço de Arcos e Caxias
450;442;-106329.69;-100480.44;Bom;Fechado dos Lados;Yes;LT;610;Avenida Conde de São Januário;Oeiras e São Julião da Barra, Paço de Arcos e Caxias
451;412;-106824.4;-100718.89;Bom;Fechado dos Lados;No;LT;610;Avenida Conde de São Januário;Oeiras e São Julião da Barra, Paço de Arcos e Caxias
452;411;-106318.44;-100465.14;Bom;Aberto dos Lados;No;LT;610;Avenida Conde de São Januário;Oeiras e São Julião da Barra, Paço de Arcos e Caxias
453;402;-106864.28;-101108.52;Bom;Fechado dos Lados;Yes;LT;620;Avenida Elvira Velez;Oeiras e São Julião da Barra, Paço de Arcos e Caxias
454;401;-106863.16;-101122.04;Bom;Fechado dos Lados;No;LT;620;Avenida Elvira Velez;Oeiras e São Julião da Barra, Paço de Arcos e Caxias
455;418;-106441.72;-100682.43;Bom;Aberto dos Lados;No;LT;645;Rua Instituto Conde de Agrolongo;Oeiras e São Julião da Barra, Paço de Arcos e Caxias
456;415;-106605.36;-100689.48;Bom;Sem Abrigo;No;LT;645;Rua Instituto Conde de Agrolongo;Oeiras e São Julião da Barra, Paço de Arcos e Caxias
457;414;-106613.41;-100706.91;Bom;Fechado dos Lados;No;LT;645;Rua Instituto Conde de Agrolongo;Oeiras e São Julião da Barra, Paço de Arcos e Caxias
458;427;-106642.38;-99930.18;Bom;Aberto dos Lados;No;LT;1785;Rua de São Gabriel;Oeiras e São Julião da Barra, Paço de Arcos e Caxias
459;426;-106638.34;-99940.41;Bom;Aberto dos Lados;No;LT;1785;Rua de São Gabriel;Oeiras e São Julião da Barra, Paço de Arcos e Caxias
460;1011;-107442.97396256146;-100964.28382638065;Bom;Fechado dos Lados;Yes;LT;611;Rua Costa Pinto;Oeiras e São Julião da Barra, Paço de Arcos e Caxias
461;555;-107479.04447916783;-101162.71630208207;Bom;Sem Abrigo;No;LT;611;Rua Costa Pinto;Oeiras e São Julião da Barra, Paço de Arcos e Caxias
462;525;-107487.42;-101137.8;Bom;Fechado dos Lados;Yes;LT;611;Rua Costa Pinto;Oeiras e São Julião da Barra, Paço de Arcos e Caxias
463;569;-107425.69;-101005.38;Bom;Fechado dos Lados;Yes;LT;614;Praceta Dioní­sio Matias;Oeiras e São Julião da Barra, Paço de Arcos e Caxias
464;935;-107842.63;-101657.47;Bom;Sem Abrigo;No;LT;622;Avenida Engenheiro Bonneville Franco;Oeiras e São Julião da Barra, Paço de Arcos e Caxias
465;547;-107742.46;-101446.79;Bom;Fechado dos Lados;Yes;LT;622;Avenida Engenheiro Bonneville Franco;Oeiras e São Julião da Barra, Paço de Arcos e Caxias
466;546;-107715.55;-101440.41;Bom;Sem Abrigo;No;LT;622;Avenida Engenheiro Bonneville Franco;Oeiras e São Julião da Barra, Paço de Arcos e Caxias
467;545;-107855.7;-101644.74;Bom;Fechado dos Lados;Yes;LT;622;Avenida Engenheiro Bonneville Franco;Oeiras e São Julião da Barra, Paço de Arcos e Caxias
468;987;-107154.05859701225;-100851.899001385;Bom;Fechado dos Lados;Yes;LT;1569;Avenida Senhor Jesus dos Navegantes;Oeiras e São Julião da Barra, Paço de Arcos e Caxias
469;524;-107115.55;-100887.65;Bom;Fechado dos Lados;Yes;LT;1569;Avenida Senhor Jesus dos Navegantes;Oeiras e São Julião da Barra, Paço de Arcos e Caxias
470;787;-103931.57;-99415.05;Bom;Sem Abrigo;No;LT;201;Estrada do Cacém;Barcarena
471;218;-104375.85;-99328.0;Bom;Sem Abrigo;No;LT;201;Estrada do Cacém;Barcarena
472;217;-104361.42;-99334.49;Bom;Sem Abrigo;No;LT;201;Estrada do Cacém;Barcarena
473;216;-104587.38;-99431.91;Bom;Sem Abrigo;No;LT;201;Estrada do Cacém;Barcarena
474;215;-104638.85;-99443.96;Bom;Sem Abrigo;No;LT;201;Estrada do Cacém;Barcarena
475;124;-101302.34;-99804.3;Bom;Fechado dos Lados;No;LT;252;Avenida Infante Dom Henrique;Barcarena
476;123;-101315.5;-99829.06;Bom;Fechado dos Lados;No;LT;252;Avenida Infante Dom Henrique;Barcarena
477;117;-101493.79;-99968.88;Bom;Fechado dos Lados;Yes;LT;252;Avenida Infante Dom Henrique;Barcarena
478;771;-103918.36;-99410.5;Bom;Fechado dos Lados;No;LT;256;Rua Joaquim Sabino de Sousa;Barcarena
479;769;-103650.67;-99459.31;Bom;Fechado dos Lados;No;LT;256;Rua Joaquim Sabino de Sousa;Barcarena
480;768;-103643.5;-99453.56;Bom;Sem Abrigo;No;LT;256;Rua Joaquim Sabino de Sousa;Barcarena
481;448;-106045.74;-98590.38;Bom;Sem Abrigo;No;LT;830;Estrada Militar;Oeiras e São Julião da Barra, Paço de Arcos e Caxias
482;447;-106415.98;-98591.36;Bom;Sem Abrigo;No;LT;830;Estrada Militar;Oeiras e São Julião da Barra, Paço de Arcos e Caxias
483;446;-106025.83;-98604.24;Bom;Sem Abrigo;No;LT;830;Estrada Militar;Oeiras e São Julião da Barra, Paço de Arcos e Caxias
484;452;-105233.04;-99103.06;Bom;Sem Abrigo;No;LT;925;Estrada do Murganhal;Oeiras e São Julião da Barra, Paço de Arcos e Caxias
485;445;-106027.77;-98850.69;Bom;Fechado dos Lados;Yes;LT;925;Estrada do Murganhal;Oeiras e São Julião da Barra, Paço de Arcos e Caxias
486;444;-106017.28;-98852.36;Bom;Sem Abrigo;No;LT;925;Estrada do Murganhal;Oeiras e São Julião da Barra, Paço de Arcos e Caxias
487;322;-105424.33;-99044.64;Bom;Fechado dos Lados;Yes;LT;925;Estrada do Murganhal;Oeiras e São Julião da Barra, Paço de Arcos e Caxias
488;321;-105462.35;-99002.28;Bom;Fechado dos Lados;No;LT;925;Estrada do Murganhal;Oeiras e São Julião da Barra, Paço de Arcos e Caxias
489;214;-104907.67;-99367.84;Bom;Sem Abrigo;No;LT;925;Estrada do Murganhal;Barcarena
490;450;-106594.42;-99048.6;Bom;Sem Abrigo;No;LT;882;Rua Doutor Jorge Rivotti;Oeiras e São Julião da Barra, Paço de Arcos e Caxias
491;449;-106581.18;-99035.41;Bom;Fechado dos Lados;No;LT;882;Rua Doutor Jorge Rivotti;Oeiras e São Julião da Barra, Paço de Arcos e Caxias
492;299;-105855.31;-99342.8;Bom;Fechado dos Lados;No;LT;1805;Rua Dona Yesoa Godinho;Oeiras e São Julião da Barra, Paço de Arcos e Caxias
493;770;-103163.15;-99786.4;Bom;Fechado dos Lados;Yes;LT;201;Estrada do Cacém;Barcarena
494;138;-102814.25;-99907.47;Mau;Fechado dos Lados;No;LT;201;Estrada do Cacém;Barcarena
495;137;-102792.58;-99921.93;Bom;Sem Abrigo;No;LT;201;Estrada do Cacém;Barcarena
496;766;-103346.29;-99565.78;Bom;Fechado dos Lados;Yes;LT;210;Largo Cinco de Outubro;Barcarena
497;767;-103244.97;-99729.51;Bom;Fechado dos Lados;Yes;LT;235;Rua Felner Duarte;Barcarena
498;143;-102122.63;-99975.95;Bom;Sem Abrigo;No;LT;241;Estrada das Fontainhas;Barcarena
499;142;-102137.2;-99979.69;Bom;Sem Abrigo;No;LT;241;Estrada das Fontainhas;Barcarena
500;140;-102285.58;-100095.76;Bom;Sem Abrigo;No;LT;241;Estrada das Fontainhas;Barcarena
501;139;-102277.41;-100088.41;Bom;Sem Abrigo;No;LT;241;Estrada das Fontainhas;Barcarena
502;116;-101520.29;-100001.26;Bom;Fechado dos Lados;Yes;Carris;252;Avenida Infante Dom Henrique;Barcarena
503;691;-103349.27;-99588.57;Bom;Sem Abrigo;No;LT;964;Jardim Público;Barcarena
504;141;-102028.47;-99961.71;Bom;Sem Abrigo;No;LT;978;Avenida de Santo António de Tercena;Barcarena
505;122;-102021.07;-99964.5;Bom;Sem Abrigo;No;LT;978;Avenida de Santo António de Tercena;Barcarena
506;121;-101894.85;-100053.16;Bom;Sem Abrigo;No;LT;978;Avenida de Santo António de Tercena;Barcarena
507;120;-101884.83;-100069.82;Bom;Fechado dos Lados;Yes;LT;978;Avenida de Santo António de Tercena;Barcarena
508;119;-101709.63;-100014.88;Bom;Fechado dos Lados;Yes;LT;978;Avenida de Santo António de Tercena;Barcarena
509;118;-101728.86;-100021.08;Bom;Fechado dos Lados;No;LT;978;Avenida de Santo António de Tercena;Barcarena
510;786;-103718.6;-100106.34;Bom;Sem Abrigo;No;LT;242;Largo General Humberto Delgado;Barcarena
511;784;-103738.83;-100125.9;Bom;Sem Abrigo;No;LT;242;Largo General Humberto Delgado;Barcarena
512;772;-103786.35;-100195.03;Bom;Sem Abrigo;No;LT;244;Rua Gil Vicente;Barcarena
513;783;-103895.41;-100162.43;Bom;Sem Abrigo;No;LT;274;Rua do Moinho;Barcarena
514;1018;-107041.77476893748;-101229.91096074758;Bom;Sem Abrigo;No;LT;620;Avenida Elvira Velez;Oeiras e São Julião da Barra, Paço de Arcos e Caxias
515;694;-104519.78092973231;-100793.13013878664;Bom;Sem Abrigo;No;LT;679;Rua Artur Moura;Porto Salvo
516;731;-103012.13;-102009.23;Bom;Sem Abrigo;No;LT;711;Rua Fernando Sabido;Porto Salvo
517;782;-103699.86;-100194.78;Bom;Fechado dos Lados;Yes;LT;1001;Rua da Fonte;Barcarena
518;222;-104759.2;-100697.28;Bom;Sem Abrigo;No;LT;1640;Avenida Vinte e Cinco de Abril;Porto Salvo
519;213;-104589.54;-100696.1;Bom;Fechado dos Lados;No;LT;1640;Avenida Vinte e Cinco de Abril;Porto Salvo
520;707;-102002.37;-102008.48;Bom;Fechado dos Lados;No;LT;1668;Avenida Engenheiro Valente de Oliveira;Porto Salvo
521;132;-102642.99;-102233.26;Bom;Sem Abrigo;No;LT;1668;Avenida Engenheiro Valente de Oliveira;Porto Salvo
522;99;-101995.52;-102016.59;Bom;Fechado dos Lados;No;LT;1668;Avenida Engenheiro Valente de Oliveira;Porto Salvo
523;130;-102992.86;-102011.13;Bom;Sem Abrigo;No;LT;1670;Avenida Domingos Vandelli;Porto Salvo
524;725;-102556.6;-102172.39;Bom;Sem Abrigo;No;LT;1671;Rua Professor Dr. José Pinto Peixoto;Porto Salvo
525;441;-107020.04;-100736.2;Bom;Fechado dos Lados;Yes;LT;605;Rua Conde das Alcáçovas;Oeiras e São Julião da Barra, Paço de Arcos e Caxias
526;750;-103210.92;-101837.0;Bom;Fechado dos Lados;No;LT;1634;Estrada de Talaí­de;Porto Salvo
527;749;-103174.51;-101870.25;Bom;Sem Abrigo;No;LT;1634;Estrada de Talaí­de;Porto Salvo
528;748;-103481.37;-101650.92;Bom;Fechado dos Lados;No;LT;1634;Estrada de Talaí­de;Porto Salvo
529;757;-103529.69;-101634.82;Bom;Sem Abrigo;No;LT;1661;Rua Henrique Marques;Porto Salvo
530;98;-101970.18;-101783.3;Bom;Sem Abrigo;No;LT;1667;Avenida Professor Dr. Cavaco Silva;Porto Salvo
531;97;-101959.47;-101795.46;Bom;Sem Abrigo;No;LT;1667;Avenida Professor Dr. Cavaco Silva;Porto Salvo
532;389;-106757.03;-100945.88;Bom;Fechado dos Lados;Yes;LT;1540;Estrada de Paço de Arcos;Oeiras e São Julião da Barra, Paço de Arcos e Caxias
533;388;-106176.2;-101085.06;Bom;Fechado dos Lados;Yes;LT;1540;Estrada de Paço de Arcos;Oeiras e São Julião da Barra, Paço de Arcos e Caxias
534;387;-106378.14;-101089.06;Bom;Fechado dos Lados;Yes;LT;1540;Estrada de Paço de Arcos;Oeiras e São Julião da Barra, Paço de Arcos e Caxias
535;386;-106385.21;-101073.57;Bom;Sem Abrigo;No;LT;1540;Estrada de Paço de Arcos;Oeiras e São Julião da Barra, Paço de Arcos e Caxias
536;385;-106674.29;-100994.88;Bom;Fechado dos Lados;Yes;LT;1540;Estrada de Paço de Arcos;Oeiras e São Julião da Barra, Paço de Arcos e Caxias
537;1004;-105463.93407291333;-101208.08123805857;Bom;Fechado dos Lados;Yes;LT;1540;Estrada de Paço de Arcos;Oeiras e São Julião da Barra, Paço de Arcos e Caxias
538;290;-105761.18;-101097.27;Bom;Fechado dos Lados;Yes;LT;1540;Estrada de Paço de Arcos;Oeiras e São Julião da Barra, Paço de Arcos e Caxias
539;288;-106033.78;-101107.92;Bom;Fechado dos Lados;Yes;LT;1540;Estrada de Paço de Arcos;Oeiras e São Julião da Barra, Paço de Arcos e Caxias
540;287;-105447.82;-101232.23;Bom;Fechado dos Lados;Yes;LT;1540;Estrada de Paço de Arcos;Oeiras e São Julião da Barra, Paço de Arcos e Caxias
541;289;-105894.4;-101171.62;Bom;Fechado dos Lados;Yes;LT;1596;Rua Shegundo Galarza;Oeiras e São Julião da Barra, Paço de Arcos e Caxias
542;277;-105302.37;-101111.62;Bom;Fechado dos Lados;No;LT;70;Rua Actor António Pinheiro;Porto Salvo
543;276;-105287.53;-101100.79;Bom;Sem Abrigo;No;LT;70;Rua Actor António Pinheiro;Porto Salvo
544;259;-104635.54;-100919.19;Bom;Fechado dos Lados;Yes;LT;685;Rua Carlos Paião;Porto Salvo
545;258;-105092.32;-100957.4;Bom;Sem Abrigo;No;Carris;1640;Avenida Vinte e Cinco de Abril;Porto Salvo
546;257;-105076.45;-100946.89;Bom;Sem Abrigo;No;LT;1640;Avenida Vinte e Cinco de Abril;Porto Salvo
547;109;-104899.42;-100859.7;Bom;Fechado dos Lados;No;LT;1640;Avenida Vinte e Cinco de Abril;Porto Salvo
548;108;-104913.48;-100837.78;Bom;Fechado dos Lados;No;LT;1640;Avenida Vinte e Cinco de Abril;Porto Salvo
549;34;-105634.78;-95513.74;Bom;Fechado dos Lados;Yes;Vimeca;120;Avenida Jaime Cortesão;Algés, Linda-a-Velha e Cruz Quebrada-Dafundo
550;22;-105577.35;-95503.97;Bom;Fechado dos Lados;Yes;Vimeca;120;Avenida Jaime Cortesão;Algés, Linda-a-Velha e Cruz Quebrada-Dafundo
551;25;-105539.98;-95177.67;Bom;Sem Abrigo;No;Vimeca;148;Avenida das Túlipas;Algés, Linda-a-Velha e Cruz Quebrada-Dafundo
552;24;-105556.38;-95196.87;Bom;Fechado dos Lados;Yes;Vimeca;148;Avenida das Túlipas;Algés, Linda-a-Velha e Cruz Quebrada-Dafundo
553;714;-101949.9;-98542.91;Bom;Fechado dos Lados;Yes;Vimeca;216;Estrada Consiglieri Pedroso;Barcarena
554;713;-101787.42;-98423.54;Bom;Fechado dos Lados;Yes;Vimeca;216;Estrada Consiglieri Pedroso;Barcarena
555;712;-101764.30649856283;-98424.15159847477;Bom;Sem Abrigo;No;SCoTTURB;216;Estrada Consiglieri Pedroso;Barcarena
556;153;-102409.39;-98701.67;Bom;Fechado dos Lados;Yes;Vimeca;269;Rua Mário Castelhano;Barcarena
557;806;-104169.05;-97108.82;Bom;Sem Abrigo;No;Vimeca;308;Estrada do Desvio;Carnaxide e Queijas
558;687;-102942.61;-98628.76;Bom;Fechado dos Lados;Yes;Vimeca;830;Estrada Militar;Barcarena
559;686;-102931.23;-98622.69;Bom;Sem Abrigo;No;Vimeca;830;Estrada Militar;Barcarena
560;155;-102735.06;-98272.9;Mau;Fechado dos Lados;No;Vimeca;830;Estrada Militar;Barcarena
561;154;-103016.79;-98428.89;Bom;Fechado dos Lados;Yes;Vimeca;830;Estrada Militar;Barcarena
562;87;-103002.83;-98398.75;Bom;Aberto dos Lados;No;Vimeca;830;Estrada Militar;Barcarena
563;149;-102638.72;-98781.31;Bom;Sem Abrigo;No;Vimeca;993;Rua do Trabalho;Barcarena
564;159;-102708.54;-98296.07;Bom;Sem Abrigo;No;Vimeca;1099;Rua Quinta da Bica do Sargento;Barcarena
565;709;-103166.65231804183;-97987.56576748958;Bom;Sem Abrigo;No;Vimeca;1200;Rua Actor Carlos César;Carnaxide e Queijas
566;1014;-103181.82;-97967.06;Bom;Sem Abrigo;No;Vimeca;1214;Estrada de Queluz;Carnaxide e Queijas
567;788;-103468.05;-97872.21;Bom;Fechado dos Lados;Yes;Vimeca;1214;Estrada de Queluz;Carnaxide e Queijas
568;742;-102859.54;-97965.24;Bom;Fechado dos Lados;Yes;Vimeca;1214;Estrada de Queluz;Carnaxide e Queijas
569;741;-102845.12;-97961.08;Bom;Sem Abrigo;No;Vimeca;1214;Estrada de Queluz;Carnaxide e Queijas
570;170;-103478.11;-97851.67;Bom;Sem Abrigo;No;Vimeca;1214;Estrada de Queluz;Carnaxide e Queijas
571;68;-103193.0811132861;-97956.2913509826;Bom;Sem Abrigo;No;Vimeca;1214;Estrada de Queluz;Carnaxide e Queijas
572;128;-101966.52;-98573.78;Bom;Fechado dos Lados;Yes;Vimeca;216;Estrada Consiglieri Pedroso;Barcarena
573;212;-104337.69;-101982.34;Bom;Sem Abrigo;No;LT;1631;Rua Sete de Junho;Porto Salvo
574;201;-104367.8;-102011.46;Bom;Sem Abrigo;No;LT;1631;Rua Sete de Junho;Porto Salvo
575;746;-103402.21;-102780.0;Bom;Sem Abrigo;No;LT;1652;Avenida Diogo Lopes de Sequeira;Porto Salvo
576;165;-103427.95;-102788.2;Bom;Fechado dos Lados;No;LT;1652;Avenida Diogo Lopes de Sequeira;Porto Salvo
577;164;-103464.95;-102647.48;Bom;Fechado dos Lados;No;LT;1652;Avenida Diogo Lopes de Sequeira;Porto Salvo
578;163;-103452.97;-102640.79;Bom;Fechado dos Lados;No;LT;1652;Avenida Diogo Lopes de Sequeira;Porto Salvo
579;747;-103418.71;-102966.92;Bom;Fechado dos Lados;No;Carris;1653;Avenida Gaspar Corte Real;Porto Salvo
580;198;-104273.72;-102318.75;Bom;Sem Abrigo;No;LT;695;Avenida Dom Pedro V;Porto Salvo
581;207;-104333.51;-102157.13;Bom;Aberto dos Lados;No;LT;705;Avenida Engenheiro Arantes e Oliveira;Porto Salvo
582;199;-104309.46;-102333.17;Bom;Fechado dos Lados;No;LT;705;Avenida Engenheiro Arantes e Oliveira;Porto Salvo
583;761;-103589.75;-102328.21;Bom;Sem Abrigo;No;LT;1651;Avenida Lopo Soares de Albergaria;Porto Salvo
584;760;-103595.2;-102342.08;Bom;Fechado dos Lados;No;LT;1651;Avenida Lopo Soares de Albergaria;Porto Salvo
585;759;-103754.86;-102383.62;Bom;Sem Abrigo;No;LT;1692;Rua Augusta;Porto Salvo
586;758;-103782.6;-102354.54;Bom;Fechado dos Lados;No;LT;1692;Rua Augusta;Porto Salvo
587;204;-104054.48;-102333.36;Bom;Fechado dos Lados;No;LT;1692;Rua Augusta;Porto Salvo
588;203;-104060.31;-102343.26;Bom;Sem Abrigo;No;LT;1692;Rua Augusta;Porto Salvo
589;166;-104013.89;-102412.58;Bom;Sem Abrigo;No;LT;1698;Rua de São José;Porto Salvo
590;197;-104911.17;-102075.08;Bom;Sem Abrigo;No;LT;687;Rua do Casal do Deserto;Porto Salvo
591;196;-104948.14;-102024.5;Bom;Sem Abrigo;No;LT;687;Rua do Casal do Deserto;Porto Salvo
592;269;-105203.57;-102507.02;Bom;Sem Abrigo;No;LT;755;Rua Oliveira Martins;Porto Salvo
593;268;-105213.17;-102489.26;Bom;Fechado dos Lados;Yes;LT;755;Rua Oliveira Martins;Porto Salvo
594;189;-104980.0;-102444.39;Bom;Sem Abrigo;No;LT;755;Rua Oliveira Martins;Porto Salvo
595;188;-104998.59;-102447.95;Bom;Sem Abrigo;No;LT;755;Rua Oliveira Martins;Porto Salvo
596;211;-104613.4385006046;-102059.62741233376;Bom;Sem Abrigo;No;LT;1611;Rua das Portelas;Porto Salvo
597;202;-104559.73;-102074.01;Bom;Fechado dos Lados;No;LT;1611;Rua das Portelas;Porto Salvo
598;195;-104888.12;-101925.58;Bom;Sem Abrigo;No;LT;1611;Rua das Portelas;Porto Salvo
599;194;-104887.93;-101935.17;Bom;Sem Abrigo;No;LT;1611;Rua das Portelas;Porto Salvo
600;200;-104420.26;-102140.16;Bom;Sem Abrigo;No;LT;1631;Rua Sete de Junho;Porto Salvo
601;206;-104352.88;-102155.61;Bom;Fechado dos Lados;No;LT;690;Rua do Comércio;Porto Salvo
602;440;-106999.56;-100744.24;Bom;Fechado dos Lados;Yes;LT;605;Rua Conde das Alcáçovas;Oeiras e São Julião da Barra, Paço de Arcos e Caxias
603;210;-104329.45;-101849.83;Bom;Sem Abrigo;No;LT;705;Avenida Engenheiro Arantes e Oliveira;Porto Salvo
604;209;-104318.74;-101876.43;Bom;Aberto dos Lados;No;LT;705;Avenida Engenheiro Arantes e Oliveira;Porto Salvo
605;753;-103040.03;-102067.93;Bom;Fechado dos Lados;Yes;LT;1634;Estrada de Talaí­de;Porto Salvo
606;730;-102764.70414054944;-102345.36371072767;Bom;Sem Abrigo;No;LT;1634;Estrada de Talaí­de;Porto Salvo
607;721;-103007.51;-102085.97;Bom;Fechado dos Lados;Yes;LT;1634;Estrada de Talaí­de;Porto Salvo
608;133;-102770.03;-102362.19;Bom;Fechado dos Lados;No;LT;1634;Estrada de Talaí­de;Porto Salvo
609;558;-107118.74;-101197.15;Bom;Fechado dos Lados;No;LT;1527;Rua Manuel Pinhanços;Oeiras e São Julião da Barra, Paço de Arcos e Caxias
610;279;-105866.72;-100896.59;Bom;Fechado dos Lados;Yes;LT;858;Rua Calvet de Magalhães;Oeiras e São Julião da Barra, Paço de Arcos e Caxias
611;205;-104431.06;-101723.48;Bom;Fechado dos Lados;Yes;Vimeca;692;Rua Conde de Rio Maior;Porto Salvo
612;193;-104911.86;-101688.38;Bom;Fechado dos Lados;Yes;Vimeca;692;Rua Conde de Rio Maior;Porto Salvo
613;192;-104730.8063985632;-101677.1818401642;Bom;Sem Abrigo;No;Vimeca;692;Rua Conde de Rio Maior;Porto Salvo
614;190;-104741.4;-101691.52;Bom;Fechado dos Lados;Yes;SCoTTURB;692;Rua Conde de Rio Maior;Porto Salvo
615;798;-104277.99;-101693.69;Bom;Fechado dos Lados;Yes;Vimeca;735;Estrada de Leião;Porto Salvo
616;763;-103544.73;-101579.29;Bom;Fechado dos Lados;No;Vimeca;735;Estrada de Leião;Porto Salvo
617;754;-103586.35;-101579.63;Bom;Fechado dos Lados;Yes;Vimeca;735;Estrada de Leião;Porto Salvo
618;314;-105206.62;-98321.51;Bom;Fechado dos Lados;Yes;Vimeca;830;Estrada Militar;Carnaxide e Queijas
619;280;-105520.95;-101295.9;Bom;Fechado dos Lados;Yes;Vimeca;1488;Avenida Conselho da Europa;Oeiras e São Julião da Barra, Paço de Arcos e Caxias
620;278;-105488.63;-101308.47;Bom;Fechado dos Lados;Yes;Vimeca;1488;Avenida Conselho da Europa;Oeiras e São Julião da Barra, Paço de Arcos e Caxias
621;286;-105046.86;-101627.86;Bom;Fechado dos Lados;Yes;SCoTTURB;1540;Estrada de Paço de Arcos;Porto Salvo
622;728;-102509.72;-101859.8;Bom;Fechado dos Lados;Yes;Vimeca;1667;Avenida Professor Dr. Cavaco Silva;Porto Salvo
623;724;-102849.51;-101421.76;Bom;Fechado dos Lados;Yes;Vimeca;1667;Avenida Professor Dr. Cavaco Silva;Porto Salvo
624;270;-105268.41;-102428.49;Bom;Fechado dos Lados;Yes;Vimeca;1680;Rua Encosta das Lagoas;Porto Salvo
625;295;-105236.25;-102190.54;Bom;Fechado dos Lados;Yes;Vimeca;1682;Avenida Santa Casa da Misericordia de Oeiras;Porto Salvo
626;293;-105274.84;-101913.18;Bom;Fechado dos Lados;Yes;Vimeca;1682;Avenida Santa Casa da Misericordia de Oeiras;Porto Salvo
627;292;-105227.47;-102176.58;Bom;Fechado dos Lados;Yes;Vimeca;1682;Avenida Santa Casa da Misericordia de Oeiras;Porto Salvo
628;291;-105291.98;-101912.29;Bom;Fechado dos Lados;Yes;Vimeca;1682;Avenida Santa Casa da Misericordia de Oeiras;Porto Salvo
629;719;-102227.22;-101894.71;Bom;Fechado dos Lados;Yes;Vimeca;1667;Avenida Professor Dr. Cavaco Silva;Porto Salvo
630;729;-102515.87;-101878.09;Bom;Fechado dos Lados;Yes;Vimeca;1667;Avenida Professor Dr. Cavaco Silva;Porto Salvo
631;718;-102227.55;-101920.36;Bom;Fechado dos Lados;Yes;Vimeca;1667;Avenida Professor Dr. Cavaco Silva;Porto Salvo
632;706;-101856.51;-101822.02;Bom;Fechado dos Lados;Yes;Vimeca;1667;Avenida Professor Dr. Cavaco Silva;Porto Salvo
633;703;-101884.93;-101826.65;Bom;Fechado dos Lados;Yes;Vimeca;1667;Avenida Professor Dr. Cavaco Silva;Porto Salvo
634;129;-102865.58;-101399.39;Bom;Fechado dos Lados;Yes;Vimeca;1667;Avenida Professor Dr. Cavaco Silva;Porto Salvo
635;406;-106251.97;-101287.62;Bom;Fechado dos Lados;Yes;LT;637;Avenida dos Fundadores;Oeiras e São Julião da Barra, Paço de Arcos e Caxias
636;405;-106237.68;-101291.27;Bom;Fechado dos Lados;Yes;LT;637;Avenida dos Fundadores;Oeiras e São Julião da Barra, Paço de Arcos e Caxias
637;400;-106447.18;-101426.26;Bom;Fechado dos Lados;Yes;LT;637;Avenida dos Fundadores;Oeiras e São Julião da Barra, Paço de Arcos e Caxias
638;397;-106091.14;-101154.18;Bom;Fechado dos Lados;Yes;LT;637;Avenida dos Fundadores;Oeiras e São Julião da Barra, Paço de Arcos e Caxias
639;396;-106081.08;-101165.77;Bom;Fechado dos Lados;Yes;LT;637;Avenida dos Fundadores;Oeiras e São Julião da Barra, Paço de Arcos e Caxias
640;395;-106446.17;-101412.04;Bom;Fechado dos Lados;Yes;LT;637;Avenida dos Fundadores;Oeiras e São Julião da Barra, Paço de Arcos e Caxias
641;296;-105981.14;-99626.06;Bom;Sem Abrigo;No;LT;850;Rua António Pires;Oeiras e São Julião da Barra, Paço de Arcos e Caxias
642;443;-106400.89;-99913.2;Bom;Aberto dos Lados;No;LT;853;Rua Bartolomeu Dias;Oeiras e São Julião da Barra, Paço de Arcos e Caxias
643;305;-105957.65;-99532.97;Bom;Sem Abrigo;No;LT;858;Rua Calvet de Magalhães;Oeiras e São Julião da Barra, Paço de Arcos e Caxias
644;304;-105812.82;-99920.11;Bom;Sem Abrigo;No;LT;858;Rua Calvet de Magalhães;Oeiras e São Julião da Barra, Paço de Arcos e Caxias
645;303;-105819.47;-99953.55;Bom;Sem Abrigo;No;LT;858;Rua Calvet de Magalhães;Oeiras e São Julião da Barra, Paço de Arcos e Caxias
646;433;-106203.75;-99942.88;Bom;Aberto dos Lados;No;LT;863;Rua dos Cedros;Oeiras e São Julião da Barra, Paço de Arcos e Caxias
647;884;-106100.40608156208;-99324.93367751368;Bom;Sem Abrigo;No;LT;871;Rua Dom Francisco de Almeida;Oeiras e São Julião da Barra, Paço de Arcos e Caxias
649;297;-105936.26;-99903.99;Bom;Aberto dos Lados;No;LT;890;Rua Fernando Vaz;Oeiras e São Julião da Barra, Paço de Arcos e Caxias
650;410;-106940.98;-99253.35;Bom;Fechado dos Lados;No;LT;898;Estrada da Gibalta;Oeiras e São Julião da Barra, Paço de Arcos e Caxias
651;275;-106970.5;-99227.97;Bom;Fechado dos Lados;Yes;LT;898;Estrada da Gibalta;Oeiras e São Julião da Barra, Paço de Arcos e Caxias
652;316;-105973.13;-98916.25;Bom;Fechado dos Lados;Yes;LT;925;Estrada do Murganhal;Oeiras e São Julião da Barra, Paço de Arcos e Caxias
653;308;-105439.02;-99406.0;Bom;Fechado dos Lados;No;LT;932;Rua da Pedreira Italiana;Oeiras e São Julião da Barra, Paço de Arcos e Caxias
654;307;-105549.91;-99320.86;Bom;Sem Abrigo;No;LT;932;Rua da Pedreira Italiana;Oeiras e São Julião da Barra, Paço de Arcos e Caxias
655;434;-106212.36;-99846.22;Bom;Aberto dos Lados;No;LT;933;Rua Pêro de Alenquer;Oeiras e São Julião da Barra, Paço de Arcos e Caxias
656;430;-106489.64;-99992.66;Bom;Aberto dos Lados;No;LT;933;Rua Pêro de Alenquer;Oeiras e São Julião da Barra, Paço de Arcos e Caxias
657;219;-104719.91;-99745.14;Bom;Sem Abrigo;No;LT;1013;Rua Quinta da Moura;Barcarena
658;221;-104939.44;-99815.59;Bom;Sem Abrigo;No;LT;1014;Rua do Castelo;Barcarena
659;220;-104914.0;-99807.09;Bom;Sem Abrigo;No;LT;1014;Rua do Castelo;Barcarena
660;301;-105137.41;-99828.18;Bom;Sem Abrigo;No;LT;1018;Rua do Alto da Peça;Barcarena
661;300;-105118.79;-99818.36;Bom;Sem Abrigo;No;LT;1018;Rua do Alto da Peça;Barcarena
662;826;-105726.06;-102732.3;Bom;Fechado dos Lados;Yes;LT;1521;Estrada da Ribeira da Laje;Porto Salvo
663;1005;-105735.17290016402;-100578.1564002752;Bom;Sem Abrigo;No;LT;1578;Rua Manuel Viegas Guerreiro;Oeiras e São Julião da Barra, Paço de Arcos e Caxias
664;306;-105860.41;-100520.47;Bom;Sem Abrigo;No;LT;1578;Rua Manuel Viegas Guerreiro;Oeiras e São Julião da Barra, Paço de Arcos e Caxias
665;302;-105785.16;-100273.12;Bom;Sem Abrigo;No;LT;1585;Avenida António Sena da Silva;Oeiras e São Julião da Barra, Paço de Arcos e Caxias
666;833;-105686.35894762372;-100239.52088707738;Bom;Sem Abrigo;No;LT;1605;Avenida Professor António Maria Baptista Fernandes;Oeiras e São Julião da Barra, Paço de Arcos e Caxias
667;438;-106599.44;-99556.41;Bom;Aberto dos Lados;No;LT;1769;Rua Vasco da Gama;Oeiras e São Julião da Barra, Paço de Arcos e Caxias
668;311;-105814.63;-99290.4;Bom;Fechado dos Lados;Yes;LT;1801;Rua Viscondessa de Santo Amaro;Oeiras e São Julião da Barra, Paço de Arcos e Caxias
669;669;-106112.38652897863;-95027.7101712073;Bom;Fechado dos Lados;Yes;LT;10;Avenida dos Bombeiros Voluntários de Algés;Algés, Linda-a-Velha e Cruz Quebrada-Dafundo
670;678;-106071.42513405527;-95039.14634930693;Bom;Fechado dos Lados;Yes;LT;10;Avenida dos Bombeiros Voluntários de Algés;Algés, Linda-a-Velha e Cruz Quebrada-Dafundo
671;674;-106560.62;-95186.03;Bom;Fechado dos Lados;Yes;LT;10;Avenida dos Bombeiros Voluntários de Algés;Algés, Linda-a-Velha e Cruz Quebrada-Dafundo
672;668;-106342.5;-95131.58;Bom;Fechado dos Lados;Yes;LT;10;Avenida dos Bombeiros Voluntários de Algés;Algés, Linda-a-Velha e Cruz Quebrada-Dafundo
673;76;-106288.85;-95136.57;Bom;Fechado dos Lados;Yes;LT;10;Avenida dos Bombeiros Voluntários de Algés;Algés, Linda-a-Velha e Cruz Quebrada-Dafundo
674;73;-106568.5;-95165.9;Bom;Fechado dos Lados;Yes;LT;10;Avenida dos Bombeiros Voluntários de Algés;Algés, Linda-a-Velha e Cruz Quebrada-Dafundo
675;528;-107089.71;-95214.56;Bom;Fechado dos Lados;Yes;LT;102;Largo Dom Manuel I;Algés, Linda-a-Velha e Cruz Quebrada-Dafundo
676;639;-105456.01;-94993.65;Bom;Fechado dos Lados;Yes;LT;116;Avenida General Norton de Matos;Algés, Linda-a-Velha e Cruz Quebrada-Dafundo
677;636;-105462.27;-94976.17;Bom;Fechado dos Lados;Yes;LT;116;Avenida General Norton de Matos;Algés, Linda-a-Velha e Cruz Quebrada-Dafundo
678;634;-105696.83;-95075.27;Bom;Fechado dos Lados;Yes;LT;116;Avenida General Norton de Matos;Algés, Linda-a-Velha e Cruz Quebrada-Dafundo
679;12;-105655.76;-95028.52;Bom;Fechado dos Lados;Yes;LT;116;Avenida General Norton de Matos;Algés, Linda-a-Velha e Cruz Quebrada-Dafundo
680;666;-106799.63;-95251.22;Bom;Sem Abrigo;No;LT;155;Praça Doutor Manuel Martins;Algés, Linda-a-Velha e Cruz Quebrada-Dafundo
681;658;-106786.85846811836;-95149.7421827531;Bom;Fechado dos Lados;Yes;LT;155;Praça Doutor Manuel Martins;Algés, Linda-a-Velha e Cruz Quebrada-Dafundo
682;630;-104458.04;-94329.86;Bom;"Fechado dos Lados
";No;LT;1123;Rua da Quinta do Paizinho;Carnaxide e Queijas
683;629;-104278.8866659752;-94122.56603635015;Bom;Sem Abrigo;No;LT;1123;Rua da Quinta do Paizinho;Carnaxide e Queijas
684;626;-104287.85;-94105.37;Bom;Fechado dos Lados;Yes;LT;1123;Rua da Quinta do Paizinho;Carnaxide e Queijas
685;616;-104497.842173306;-94358.90888110301;Bom;Fechado dos Lados;Yes;LT;1123;Rua da Quinta do Paizinho;Carnaxide e Queijas
686;228;-104460.75;-98562.29;Bom;Sem Abrigo;No;LT;83;Rua Angra do Heroí­smo;Carnaxide e Queijas
687;105;-101764.82;-99761.18;Bom;Fechado dos Lados;Yes;LT;261;Rua da Juventude;Barcarena
688;104;-101753.46;-99755.19;Bom;Fechado dos Lados;Yes;LT;261;Rua da Juventude;Barcarena
689;225;-104591.62;-98511.89;Bom;Sem Abrigo;No;LT;846;Rua da Quinta do Bonfim;Carnaxide e Queijas
690;1012;-101927.83891266519;-99709.84354381096;Bom;Sem Abrigo;No;LT;1006;Rua António Quadros;Barcarena
691;115;-101877.84;-99707.56;Bom;Sem Abrigo;No;LT;1006;Rua António Quadros;Barcarena
692;765;-103522.68;-99425.21;Bom;Fechado dos Lados;Yes;LT;230;Rua Elias Garcia;Barcarena
693;764;-103545.91;-99424.63;Bom;Sem Abrigo;No;LT;230;Rua Elias Garcia;Barcarena
694;110;-104942.33;-101650.59;Bom;Sem Abrigo;No;LT;697;Avenida dos Descobrimentos;Porto Salvo
695;113;-104747.63;-101297.99;Bom;Sem Abrigo;No;LT;703;Rua Doutor José Filipe Rodrigues;Porto Salvo
696;112;-104759.55;-101277.77;Bom;Sem Abrigo;No;LT;703;Rua Doutor José Filipe Rodrigues;Porto Salvo
697;111;-104852.21;-101412.86;Bom;Sem Abrigo;No;LT;703;Rua Doutor José Filipe Rodrigues;Porto Salvo
698;114;-104842.95;-101406.66;Bom;Sem Abrigo;No;LT;756;Pateo das Padeiras;Porto Salvo
699;633;-105696.83;-95075.27;Bom;Fechado dos Lados;Yes;Carris;116;Avenida General Norton de Matos;Algés, Linda-a-Velha e Cruz Quebrada-Dafundo
700;15;-105325.87;-95135.44;Bom;Fechado dos Lados;Yes;Carris;113;Alameda FerNo Lopes;Algés, Linda-a-Velha e Cruz Quebrada-Dafundo
701;54;-105456.01;-94993.65;Bom;Fechado dos Lados;Yes;Carris;116;Avenida General Norton de Matos;Algés, Linda-a-Velha e Cruz Quebrada-Dafundo
702;645;-105353.27;-95172.19;Bom;Fechado dos Lados;Yes;Carris;113;Alameda FerNo Lopes;Algés, Linda-a-Velha e Cruz Quebrada-Dafundo
703;651;-105300.44;-95336.46;Bom;Fechado dos Lados;Yes;Carris;113;Alameda FerNo Lopes;Algés, Linda-a-Velha e Cruz Quebrada-Dafundo
704;650;-105259.11583333602;-95350.7183333344;Bom;Sem Abrigo;No;Carris;113;Alameda FerNo Lopes;Algés, Linda-a-Velha e Cruz Quebrada-Dafundo
705;13;-105268.05;-95547.68;Bom;Fechado dos Lados;Yes;Carris;124;Avenida José Gomes Ferreira;Algés, Linda-a-Velha e Cruz Quebrada-Dafundo
706;23;-105261.03;-95520.31;Bom;Sem Abrigo;No;Carris;124;Avenida José Gomes Ferreira;Algés, Linda-a-Velha e Cruz Quebrada-Dafundo
707;11;-105158.82133137222;-95894.138612021;Bom;Fechado dos Lados;Yes;Carris;416;Alameda António Sérgio;Algés, Linda-a-Velha e Cruz Quebrada-Dafundo
708;673;-106563.02096789006;-95186.78384945756;Bom;Sem Abrigo;No;Carris;10;Avenida dos Bombeiros Voluntários de Algés;Algés, Linda-a-Velha e Cruz Quebrada-Dafundo
709;670;-106112.38652897863;-95027.71017120726;Bom;Fechado dos Lados;Yes;Carris;10;Avenida dos Bombeiros Voluntários de Algés;Algés, Linda-a-Velha e Cruz Quebrada-Dafundo
710;677;-106071.42513405527;-95039.14634930693;Bom;Fechado dos Lados;Yes;Carris;10;Avenida dos Bombeiros Voluntários de Algés;Algés, Linda-a-Velha e Cruz Quebrada-Dafundo
711;676;-106283.09180093784;-95136.51301607293;Bom;Sem Abrigo;Yes;Carris;10;Avenida dos Bombeiros Voluntários de Algés;Algés, Linda-a-Velha e Cruz Quebrada-Dafundo
712;667;-106342.5;-95131.58;Bom;Fechado dos Lados;Yes;Carris;10;Avenida dos Bombeiros Voluntários de Algés;Algés, Linda-a-Velha e Cruz Quebrada-Dafundo
713;656;-106786.85846811836;-95149.7421827531;Bom;Fechado dos Lados;Yes;Carris;155;Praça Doutor Manuel Martins;Algés, Linda-a-Velha e Cruz Quebrada-Dafundo
714;69;-106799.79;-95252.14;Bom;Sem Abrigo;No;Carris;155;Praça Doutor Manuel Martins;Algés, Linda-a-Velha e Cruz Quebrada-Dafundo
715;640;-105655.76;-95028.52;Bom;Fechado dos Lados;Yes;Carris;116;Avenida General Norton de Matos;Algés, Linda-a-Velha e Cruz Quebrada-Dafundo
716;53;-105462.27;-94976.17;Bom;Fechado dos Lados;Yes;Carris;116;Avenida General Norton de Matos;Algés, Linda-a-Velha e Cruz Quebrada-Dafundo
717;100;-102002.37;-102008.48;Bom;Fechado dos Lados;No;Vimeca;1668;Avenida Engenheiro Valente de Oliveira;Porto Salvo
718;720;-103014.4;-101951.36;Bom;Fechado dos Lados;No;Vimeca;1670;Avenida Domingos Vandelli;Porto Salvo
719;131;-102556.6;-102172.39;Bom;Sem Abrigo;No;Vimeca;1671;Rua Professor Dr. José Pinto Peixoto;Porto Salvo
720;393;-106368.26;-101705.73;Bom;Sem Abrigo;Yes;Vimeca;587;Avenida António Bernardo Cabral de Macedo;Oeiras e São Julião da Barra, Paço de Arcos e Caxias
721;923;-107625.08;-103117.77;Bom;Fechado dos Lados;No;Vimeca;1431;Avenida Salvador Allende;Oeiras e São Julião da Barra, Paço de Arcos e Caxias
722;921;-107096.82640151314;-103853.54646127202;Bom;Sem Abrigo;No;SCoTTURB;1404;Rua Norton de Matos;Oeiras e São Julião da Barra, Paço de Arcos e Caxias
723;523;-107058.08;-103860.82;Bom;Sem Abrigo;No;SCoTTURB;1404;Rua Norton de Matos;Oeiras e São Julião da Barra, Paço de Arcos e Caxias
724;513;-107854.63;-102915.29;Bom;Fechado dos Lados;Yes;SCoTTURB;1422;Rua da Quinta Grande;Oeiras e São Julião da Barra, Paço de Arcos e Caxias
725;509;-107387.31;-103679.6;Bom;Fechado dos Lados;Yes;SCoTTURB;1426;Avenida da República;Oeiras e São Julião da Barra, Paço de Arcos e Caxias
726;508;-107491.16;-103120.89;Bom;Fechado dos Lados;Yes;SCoTTURB;1426;Avenida da República;Oeiras e São Julião da Barra, Paço de Arcos e Caxias
727;507;-107368.48;-103668.54;Bom;Fechado dos Lados;No;SCoTTURB;1426;Avenida da República;Oeiras e São Julião da Barra, Paço de Arcos e Caxias
728;924;-107625.08;-103117.77;Bom;Fechado dos Lados;No;SCoTTURB;1431;Avenida Salvador Allende;Oeiras e São Julião da Barra, Paço de Arcos e Caxias
729;495;-107142.69;-103759.12;Bom;Fechado dos Lados;Yes;SCoTTURB;1421;Rotunda da Quinta do Marquês;Oeiras e São Julião da Barra, Paço de Arcos e Caxias
730;263;-107314.88;-104013.15;Bom;Fechado dos Lados;Yes;SCoTTURB;1426;Avenida da República;Oeiras e São Julião da Barra, Paço de Arcos e Caxias
731;262;-107284.78;-104045.09;Bom;Fechado dos Lados;Yes;SCoTTURB;1426;Avenida da República;Oeiras e São Julião da Barra, Paço de Arcos e Caxias
732;372;-107025.86;-103844.74;Bom;Sem Abrigo;No;SCoTTURB;1338;Avenida Gonçalves Zarco;Desconhecido
733;267;-105726.06;-102732.3;Bom;Fechado dos Lados;Yes;SCoTTURB;1521;Estrada da Ribeira da Laje;Porto Salvo
734;927;-107720.84935906461;-103624.00113664304;Bom;Sem Abrigo;No;SCoTTURB;550;Alameda Conde de Oeiras;Oeiras e São Julião da Barra, Paço de Arcos e Caxias
735;515;-107839.61;-103572.1;Bom;Sem Abrigo;No;SCoTTURB;550;Alameda Conde de Oeiras;Oeiras e São Julião da Barra, Paço de Arcos e Caxias
736;520;-107795.85;-103878.54;Bom;Fechado dos Lados;Yes;SCoTTURB;557;Avenida Dom José I;Oeiras e São Julião da Barra, Paço de Arcos e Caxias
737;519;-107802.03;-103891.09;Bom;Sem Abrigo;No;SCoTTURB;557;Avenida Dom José I;Oeiras e São Julião da Barra, Paço de Arcos e Caxias
738;265;-107430.38;-103996.06;Bom;Fechado dos Lados;Yes;SCoTTURB;557;Avenida Dom José I;Oeiras e São Julião da Barra, Paço de Arcos e Caxias
739;264;-107670.49;-103999.05;Bom;Fechado dos Lados;Yes;SCoTTURB;557;Avenida Dom José I;Oeiras e São Julião da Barra, Paço de Arcos e Caxias
740;512;-107836.26;-103714.18;Bom;Fechado dos Lados;Yes;SCoTTURB;569;Rua Doutor José Carlos Moreira;Oeiras e São Julião da Barra, Paço de Arcos e Caxias
741;511;-107822.87;-103711.43;Bom;Sem Abrigo;No;SCoTTURB;569;Rua Doutor José Carlos Moreira;Oeiras e São Julião da Barra, Paço de Arcos e Caxias
742;556;-107825.00067489175;-103153.47411185557;Bom;Sem Abrigo;No;SCoTTURB;1422;Rua da Quinta Grande;Oeiras e São Julião da Barra, Paço de Arcos e Caxias
743;522;-107811.57;-103173.61;Bom;Fechado dos Lados;Yes;SCoTTURB;1422;Rua da Quinta Grande;Oeiras e São Julião da Barra, Paço de Arcos e Caxias
744;500;-107558.36;-103601.65;Bom;Fechado dos Lados;Yes;SCoTTURB;1516;Rua Monsenhor Ferreira de Melo;Oeiras e São Julião da Barra, Paço de Arcos e Caxias
745;825;-107055.50456594217;-104067.91249783145;Bom;Sem Abrigo;No;SCoTTURB;1338;Avenida Gonçalves Zarco;Desconhecido
746;824;-107062.58;-104020.28;Bom;Fechado dos Lados;No;SCoTTURB;1338;Avenida Gonçalves Zarco;Desconhecido
747;587;-108937.83;-103208.76;Razoavel;Fechado dos Lados;Yes;SCoTTURB;491;Rua de Aljubarrota;Oeiras e São Julião da Barra, Paço de Arcos e Caxias
748;834;-107559.62;-102708.32;Bom;Fechado dos Lados;Yes;SCoTTURB;514;Largo Avião Lusitânia;Oeiras e São Julião da Barra, Paço de Arcos e Caxias
749;960;-107102.8;-101781.42;Bom;Fechado dos Lados;Yes;SCoTTURB;527;Avenida de Brasí­lia;Oeiras e São Julião da Barra, Paço de Arcos e Caxias
750;933;-107581.42;-102198.59;Bom;Fechado dos Lados;Yes;SCoTTURB;533;Rua Cândido dos Reis;Oeiras e São Julião da Barra, Paço de Arcos e Caxias
751;506;-107655.98;-102504.64;Bom;Fechado dos Lados;Yes;SCoTTURB;533;Rua Cândido dos Reis;Oeiras e São Julião da Barra, Paço de Arcos e Caxias
752;974;-108611.0;-103212.55;Bom;Fechado dos Lados;Yes;SCoTTURB;556;Avenida Dom João I;Oeiras e São Julião da Barra, Paço de Arcos e Caxias
753;971;-108633.94;-103087.73;Bom;Fechado dos Lados;Yes;SCoTTURB;556;Avenida Dom João I;Oeiras e São Julião da Barra, Paço de Arcos e Caxias
754;918;-107752.93;-102745.45;Bom;Fechado dos Lados;Yes;SCoTTURB;559;Rua Desembargador Faria;Oeiras e São Julião da Barra, Paço de Arcos e Caxias
755;939;-108680.61;-103239.46;Razoavel;Fechado dos Lados;Yes;SCoTTURB;561;Rua Dona Filipa de Lencastre;Oeiras e São Julião da Barra, Paço de Arcos e Caxias
756;502;-107319.63;-102563.55;Bom;Fechado dos Lados;Yes;SCoTTURB;578;Avenida Embaixador Augusto de Castro;Oeiras e São Julião da Barra, Paço de Arcos e Caxias
757;537;-107286.31;-102095.09;Bom;Fechado dos Lados;No;SCoTTURB;1325;Rua da Figueirinha;Oeiras e São Julião da Barra, Paço de Arcos e Caxias
758;574;-108145.87;-103052.15;Bom;Fechado dos Lados;Yes;SCoTTURB;1332;Rua da Fundição de Oeiras;Oeiras e São Julião da Barra, Paço de Arcos e Caxias
759;1026;-108103.16416368038;-103073.41174351703;Bom;Sem Abrigo;No;SCoTTURB;1342;Rua Henrique de Paiva Couceiro;Oeiras e São Julião da Barra, Paço de Arcos e Caxias
760;580;-108654.89;-103440.08;Bom;Fechado dos Lados;Yes;SCoTTURB;1344;Avenida Infante Dom Henrique;Oeiras e São Julião da Barra, Paço de Arcos e Caxias
761;497;-108401.93;-103222.84;Bom;Sem Abrigo;No;SCoTTURB;1344;Avenida Infante Dom Henrique;Oeiras e São Julião da Barra, Paço de Arcos e Caxias
762;914;-108221.94694854727;-102975.10717631762;Bom;Aberto dos Lados;No;SCoTTURB;1346;Rua Infanta Dona Isabel;Oeiras e São Julião da Barra, Paço de Arcos e Caxias
763;575;-108450.51;-102954.49;Bom;Fechado dos Lados;Yes;SCoTTURB;1346;Rua Infanta Dona Isabel;Oeiras e São Julião da Barra, Paço de Arcos e Caxias
764;928;-107653.99;-103018.24;Bom;Fechado dos Lados;Yes;SCoTTURB;1372;Rua dos Lagares da Quinta;Oeiras e São Julião da Barra, Paço de Arcos e Caxias
765;560;-107381.0;-101739.33;Bom;Fechado dos Lados;Yes;SCoTTURB;1398;Avenida de Moçambique;Oeiras e São Julião da Barra, Paço de Arcos e Caxias
766;559;-107472.33;-101878.29;Bom;Fechado dos Lados;Yes;SCoTTURB;1398;Avenida de Moçambique;Oeiras e São Julião da Barra, Paço de Arcos e Caxias
767;561;-107268.49;-101728.6;Bom;Fechado dos Lados;Yes;SCoTTURB;1440;Rua São Salvador da Baí­a;Oeiras e São Julião da Barra, Paço de Arcos e Caxias
768;376;-107047.8;-103631.28;Bom;Sem Abrigo;No;SCoTTURB;1315;Rua das Escolas;Oeiras e São Julião da Barra, Paço de Arcos e Caxias
769;375;-107044.63;-103620.23;Bom;Fechado dos Lados;Yes;SCoTTURB;1315;Rua das Escolas;Oeiras e São Julião da Barra, Paço de Arcos e Caxias
770;980;-104256.82;-95173.34;Bom;Fechado dos Lados;Yes;Carris;306;Rua dos Cravos de Abril;Carnaxide e Queijas
771;685;-104174.54200948932;-95114.07850277537;Bom;Sem Abrigo;No;Carris;347;Rua da Liberdade;Carnaxide e Queijas
772;603;-104172.68511969529;-95216.43740152338;Bom;Sem Abrigo;No;Carris;347;Rua da Liberdade;Carnaxide e Queijas
773;623;-104578.88;-94652.12;Bom;Sem Abrigo;No;Carris;365;Estrada da Portela;Carnaxide e Queijas
774;1032;-104222.84172433561;-94001.25535769734;Bom;Fechado dos Lados;Yes;Carris;1123;Rua da Quinta do Paizinho;Carnaxide e Queijas
775;631;-104458.04;-94329.86;Bom;"Fechado dos Lados
";No;Carris;1123;Rua da Quinta do Paizinho;Carnaxide e Queijas
776;627;-104278.8866659752;-94122.56603635015;Bom;Sem Abrigo;No;Carris;1123;Rua da Quinta do Paizinho;Carnaxide e Queijas
777;615;-104497.842173306;-94358.90888110301;Bom;Fechado dos Lados;Yes;Carris;1123;Rua da Quinta do Paizinho;Carnaxide e Queijas
778;619;-104458.52;-94926.22;Bom;Fechado dos Lados;Yes;Carris;1134;Largo Sete de Junho de 1759;Carnaxide e Queijas
779;43;-104445.64;-94921.33;Bom;Fechado dos Lados;No;Carris;1134;Largo Sete de Junho de 1759;Carnaxide e Queijas
780;979;-104677.06;-94473.47;Bom;Fechado dos Lados;No;Carris;1160;Rua Cincinato da Costa;Carnaxide e Queijas
781;978;-104683.1;-94486.15;Bom;Fechado dos Lados;No;Carris;1160;Rua Cincinato da Costa;Carnaxide e Queijas
782;14;-105367.42;-95012.5;Bom;Sem Abrigo;No;Carris;113;Alameda FerNo Lopes;Algés, Linda-a-Velha e Cruz Quebrada-Dafundo
783;21;-105136.75;-95897.19;Bom;Fechado dos Lados;Yes;Carris;416;Alameda António Sérgio;Algés, Linda-a-Velha e Cruz Quebrada-Dafundo
784;456;-107086.94;-95183.62;Bom;Fechado dos Lados;Yes;Carris;102;Largo Dom Manuel I;Desconhecido
785;672;-106566.19596789328;-95165.08801610208;Bom;Sem Abrigo;No;Carris;10;Avenida dos Bombeiros Voluntários de Algés;Algés, Linda-a-Velha e Cruz Quebrada-Dafundo
786;1031;-107014.28376646667;-95156.66564817408;Bom;Sem Abrigo;No;Carris;102;Largo Dom Manuel I;Desconhecido
787;168;-107095.22;-95206.35;Bom;Fechado dos Lados;Yes;Carris;102;Largo Dom Manuel I;Algés, Linda-a-Velha e Cruz Quebrada-Dafundo
788;144;-106979.51;-95226.45;Bom;Fechado dos Lados;Yes;Carris;103;Rua Damião de Góis;Algés, Linda-a-Velha e Cruz Quebrada-Dafundo
789;794;-106975.22;-95602.61;Bom;Sem Abrigo;No;Carris;118;Alameda Hermano Patrone;Algés, Linda-a-Velha e Cruz Quebrada-Dafundo
790;681;-107008.56;-95490.23;Bom;Fechado dos Lados;No;Carris;118;Alameda Hermano Patrone;Algés, Linda-a-Velha e Cruz Quebrada-Dafundo
791;187;-106985.92;-95598.8;Bom;Sem Abrigo;No;Carris;118;Alameda Hermano Patrone;Algés, Linda-a-Velha e Cruz Quebrada-Dafundo
792;481;-106532.67;-97275.79;Bom;Sem Abrigo;No;Carris;367;Estrada da Costa;Algés, Linda-a-Velha e Cruz Quebrada-Dafundo
793;459;-106331.99;-97379.59;Bom;Fechado dos Lados;Yes;Carris;367;Estrada da Costa;Algés, Linda-a-Velha e Cruz Quebrada-Dafundo
794;897;-107004.52;-96080.98;Bom;Fechado dos Lados;No;Carris;369;Rua Direita do Dafundo;Algés, Linda-a-Velha e Cruz Quebrada-Dafundo
795;895;-106999.08;-96066.1;Bom;Fechado dos Lados;No;Carris;369;Rua Direita do Dafundo;Algés, Linda-a-Velha e Cruz Quebrada-Dafundo
796;493;-106898.93;-96325.82;Bom;Fechado dos Lados;No;Carris;369;Rua Direita do Dafundo;Algés, Linda-a-Velha e Cruz Quebrada-Dafundo
797;471;-106865.6;-96906.59;Bom;Sem Abrigo;No;Carris;386;Rua Sacadura Cabral;Algés, Linda-a-Velha e Cruz Quebrada-Dafundo
798;906;-106791.2;-97137.51;Bom;Fechado dos Lados;Yes;Carris;386;Rua Sacadura Cabral;Algés, Linda-a-Velha e Cruz Quebrada-Dafundo
799;484;-106790.95;-97111.1;Bom;Sem Abrigo;No;Carris;386;Rua Sacadura Cabral;Algés, Linda-a-Velha e Cruz Quebrada-Dafundo
800;479;-106688.65;-97277.31;Bom;Sem Abrigo;No;Carris;386;Rua Sacadura Cabral;Algés, Linda-a-Velha e Cruz Quebrada-Dafundo
801;478;-106680.98;-97288.83;Bom;Fechado dos Lados;Yes;Carris;386;Rua Sacadura Cabral;Algés, Linda-a-Velha e Cruz Quebrada-Dafundo
802;477;-106835.46;-96672.9;Bom;Fechado dos Lados;Yes;Carris;386;Rua Sacadura Cabral;Algés, Linda-a-Velha e Cruz Quebrada-Dafundo
803;475;-106826.16;-96699.81;Bom;Sem Abrigo;No;Carris;386;Rua Sacadura Cabral;Algés, Linda-a-Velha e Cruz Quebrada-Dafundo
804;474;-106880.09;-96852.94;Bom;Sem Abrigo;No;Carris;386;Rua Sacadura Cabral;Algés, Linda-a-Velha e Cruz Quebrada-Dafundo
805;463;-106886.32;-96345.37;Bom;Sem Abrigo;No;Carris;386;Rua Sacadura Cabral;Algés, Linda-a-Velha e Cruz Quebrada-Dafundo
806;8;-106980.35;-95289.3;Bom;Sem Abrigo;No;Carris;103;Rua Damião de Góis;Algés, Linda-a-Velha e Cruz Quebrada-Dafundo
807;5;-106997.31;-95311.49;Bom;Sem Abrigo;No;Carris;103;Rua Damião de Góis;Algés, Linda-a-Velha e Cruz Quebrada-Dafundo
808;167;-107073.0;-95199.03;Bom;Fechado dos Lados;Yes;Carris;102;Largo Dom Manuel I;Desconhecido
